register_id,language,path,line,col,pattern_kind,surface_form,tokens,csv_candidates,csv_lexical_topk_note,v2_trace,disposition,canonical_field_citation,governed_ref,notes
2c25487a9209b9916f39,py,features/lstm_sequence_input.py,2,0,TEXT_LINE_MARKET_TOKEN,"LSTM sequence encoding contract (1m MVP, downstream enforcement).",sequence,streaming.content.*.ASKS.*.ASKS.*.SEQUENCE;streaming.content.*.BIDS.*.BIDS.*.SEQUENCE;streaming.content.*.SEQUENCE,pricehistory.candles.*.datetime;instruments.*.fundamental.epsChangePercentTTM;instruments.*.fundamental.interestCoverage,V3-B universal catch-all (CSV-derived vocabulary),NOT_MARKET_DATA,,,module docstring (AST); tools/track_a_module_docstring_nmd_pass.py
432c64b1ad4aae993908,py,features/lstm_sequence_input.py,4,0,TEXT_LINE_MARKET_TOKEN,"Sequence bars are encoded with `lstm_data.encode_snapshot_5m` / `encode_snapshot_1m`, which expect",sequence,streaming.content.*.ASKS.*.ASKS.*.SEQUENCE;streaming.content.*.BIDS.*.BIDS.*.SEQUENCE;streaming.content.*.SEQUENCE,chains.putExpDateMap.*.theta;chains.callExpDateMap.*.theta;quotes.quote.askSize,V3-B universal catch-all (CSV-derived vocabulary),NOT_MARKET_DATA,,,module docstring (AST); tools/track_a_module_docstring_nmd_pass.py
026fbbe850de7ace2088,py,features/lstm_sequence_input.py,6,0,TEXT_LINE_MARKET_TOKEN,"must come **only** from validated canonical feature rows — never directly from raw L1, SignalInput,",only,,chains.callExpDateMap.*.totalVolume;chains.callExpDateMap.*.theoreticalVolatility;chains.putExpDateMap.*.totalVolume,V3-B universal catch-all (CSV-derived vocabulary),NOT_MARKET_DATA,,,module docstring (AST); tools/track_a_module_docstring_nmd_pass.py
5e6703af434b13c2052a,py,features/lstm_sequence_input.py,9,0,TEXT_LINE_MARKET_TOKEN,"Non-MVP columns in `FEATURES_5M` / `FEATURES_1M` (walls, cross-asset, VIX, candle_body_pts, …)",non asset,chains.callExpDateMap.*.nonStandard;chains.putExpDateMap.*.nonStandard;chains.assetMainType;chains.assetSubType;chains.callExpDateMap.*.optionDeliverablesList.*.assetType;chains.putExpDateMap.*.optionDeliverablesList.*.assetType;instruments.*.assetType;quotes.assetMainType;quotes.assetSubType;streaming.content.*.assetMainType;streaming.content.*.assetSubType,chains.callExpDateMap.*.totalVolume;chains.putExpDateMap.*.totalVolume;quotes.quote.askSize,V3-B universal catch-all (CSV-derived vocabulary),NOT_MARKET_DATA,,,module docstring (AST); tools/track_a_module_docstring_nmd_pass.py
70c9e843fc8dcd5f63c1,py,features/lstm_sequence_input.py,10,0,TEXT_LINE_MARKET_TOKEN,remain sourced from the DB row until a future contract expansion; MVP slots are overwritten from,the future,chains.callExpDateMap.*.inTheMoney;chains.putExpDateMap.*.inTheMoney;market_hours.future;market_hours.future.ADA;market_hours.future.ADA.category;market_hours.future.ADA.date;market_hours.future.ADA.exchange;market_hours.future.ADA.isOpen;market_hours.future.ADA.marketType;market_hours.future.ADA.product;market_hours.future.ADA.productName;market_hours.future.ADA.sessionHours;market_hours.future.ADA.sessionHours.noTrading;market_hours.future.ADA.sessionHours.noTrading.*;market_hours.future.ADA.sessionHours.noTrading.*.end;market_hours.future.ADA.sessionHours.noTrading.*.start;market_hours.future.ADA.sessionHours.regularMarket;market_hours.future.ADA.sessionHours.regularMarket.*;market_hours.future.ADA.sessionHours.regularMarket.*.end;market_hours.future.ADA.sessionHours.regularMarket.*.start;market_hours.future.AW;market_hours.future.AW.category;market_hours.future.AW.date;market_hours.future.AW.exchange;market_hours.future.AW.isOpen,movers.screeners.*.totalVolume;chains.putExpDateMap.*.totalVolume;pricehistory.candles.*.volume,V3-B universal catch-all (CSV-derived vocabulary),NOT_MARKET_DATA,,,module docstring (AST); tools/track_a_module_docstring_nmd_pass.py
4288e0a97914aa73b467,py,features/lstm_sequence_input.py,11,0,TEXT_LINE_MARKET_TOKEN,canonical after stripping legacy MVP keys from the row copy.,the,chains.callExpDateMap.*.inTheMoney;chains.putExpDateMap.*.inTheMoney,chains.callExpDateMap.*.openInterest;chains.callExpDateMap.*.rho;chains.putExpDateMap.*.rho,V3-B universal catch-all (CSV-derived vocabulary),NOT_MARKET_DATA,,,module docstring (AST); tools/track_a_module_docstring_nmd_pass.py
ae675f437e692eb8028c,py,features/lstm_sequence_input.py,18,0,TEXT_LINE_MARKET_TOKEN,- **Sequence length:** `STREAM_5M_LOOKBACK` consecutive 1m bars for structure stream;,sequence,streaming.content.*.ASKS.*.ASKS.*.SEQUENCE;streaming.content.*.BIDS.*.BIDS.*.SEQUENCE;streaming.content.*.SEQUENCE,quotes.quote.askSize;quotes.regular.regularMarketLastSize;streaming.content.*.ASK_SIZE,V3-B universal catch-all (CSV-derived vocabulary),NOT_MARKET_DATA,,,module docstring (AST); tools/track_a_module_docstring_nmd_pass.py
b9bc729e8c0a5a3b9850,py,features/lstm_sequence_input.py,20,0,TEXT_LINE_MARKET_TOKEN,- **Feature ordering:** unchanged from training — `lstm_data.FEATURES_5M` / `FEATURES_1M` column order,order,,streaming.content.*.ASK_SIZE;quotes.fundamental.avg1YearVolume;streaming.content.*.ASKS.*.TOTAL_VOLUME,V3-B universal catch-all (CSV-derived vocabulary),NOT_MARKET_DATA,,,module docstring (AST); tools/track_a_module_docstring_nmd_pass.py
5df8dde9103b145f1acd,py,features/lstm_sequence_input.py,27,0,TEXT_LINE_MARKET_TOKEN,Transformer encoder window (same canonical MVP rules as the LSTM **5m structure stream**):,the,chains.callExpDateMap.*.inTheMoney;chains.putExpDateMap.*.inTheMoney,chains.putExpDateMap.*.rho;chains.callExpDateMap.*.rho;chains.callExpDateMap.*.theta,V3-B universal catch-all (CSV-derived vocabulary),NOT_MARKET_DATA,,,module docstring (AST); tools/track_a_module_docstring_nmd_pass.py
0fd7af15f4ca79939398,py,features/lstm_sequence_input.py,30,0,TEXT_LINE_MARKET_TOKEN,"- **Sequence:** `seq_len` consecutive 1m DB snapshots (model checkpoint `seq_len`, default 20);",sequence model,streaming.content.*.ASKS.*.ASKS.*.SEQUENCE;streaming.content.*.BIDS.*.BIDS.*.SEQUENCE;streaming.content.*.SEQUENCE,chains.putExpDateMap.*.delta;chains.callExpDateMap.*.theta;chains.putExpDateMap.*.high52Week,V3-B universal catch-all (CSV-derived vocabulary),NOT_MARKET_DATA,,,module docstring (AST); tools/track_a_module_docstring_nmd_pass.py
17ca884232f4b87acab1,py,features/lstm_sequence_input.py,31,0,TEXT_LINE_MARKET_TOKEN,  each bar merged the same way as LSTM `window` — MVP from `build_db_mvp_feature_row` except the,bar the,chains.callExpDateMap.*.inTheMoney;chains.putExpDateMap.*.inTheMoney,chains.putExpDateMap.*.theta;chains.putExpDateMap.*.delta;chains.putExpDateMap.*.askSize,V3-B universal catch-all (CSV-derived vocabulary),NOT_MARKET_DATA,,,module docstring (AST); tools/track_a_module_docstring_nmd_pass.py
b9f523bd59a27803998a,py,features/lstm_sequence_input.py,32,0,TEXT_LINE_MARKET_TOKEN,"  last bar, which uses `inference_snapshot_v1[""features""]` when provided.",last bar,chains.callExpDateMap.*.last;chains.callExpDateMap.*.lastSize;chains.callExpDateMap.*.lastTradingDay;chains.putExpDateMap.*.last;chains.putExpDateMap.*.lastSize;chains.putExpDateMap.*.lastTradingDay;chains.underlying.last;movers.screeners.*.lastPrice;quotes.extended.lastPrice;quotes.extended.lastSize;quotes.fundamental.lastEarningsDate;quotes.quote.lastMICId;quotes.quote.lastPrice;quotes.quote.lastSize;quotes.regular.regularMarketLastPrice;quotes.regular.regularMarketLastSize;streaming.content.*.LAST_ID;streaming.content.*.LAST_MIC_ID;streaming.content.*.LAST_PRICE;streaming.content.*.LAST_SIZE;streaming.content.*.REGULAR_MARKET_LAST_PRICE;streaming.content.*.REGULAR_MARKET_LAST_SIZE,chains.putExpDateMap.*.askSize;quotes.quote.askSize;quotes.extended.askSize,V3-B universal catch-all (CSV-derived vocabulary),NOT_MARKET_DATA,,,module docstring (AST); tools/track_a_module_docstring_nmd_pass.py
cb6a1b585ab3bf1c3aa3,py,features/lstm_sequence_input.py,33,0,TEXT_LINE_MARKET_TOKEN,"- **Encoding:** `lstm_data.encode_snapshot_5m(merged_row, ref_spot)` per bar; feature order is",per bar order,instruments.*.fundamental.bookValuePerShare,quotes.quote.askSize;chains.putExpDateMap.*.askSize;chains.putExpDateMap.*.rho,V3-B universal catch-all (CSV-derived vocabulary),NOT_MARKET_DATA,,,module docstring (AST); tools/track_a_module_docstring_nmd_pass.py
643980966c6d24caa546,py,features/lstm_sequence_input.py,38,0,TEXT_LINE_MARKET_TOKEN,  failures from the shared merge path).,the,chains.callExpDateMap.*.inTheMoney;chains.putExpDateMap.*.inTheMoney,chains.putExpDateMap.*.rho;chains.putExpDateMap.*.theta;chains.callExpDateMap.*.theta,V3-B universal catch-all (CSV-derived vocabulary),NOT_MARKET_DATA,,,module docstring (AST); tools/track_a_module_docstring_nmd_pass.py
bd4eee7be951ee351634,py,features/lstm_sequence_input.py,50,0,TEXT_LINE_MARKET_TOKEN,# Re-export for callers documenting sequence length (single source in lstm_data).,sequence,streaming.content.*.ASKS.*.ASKS.*.SEQUENCE;streaming.content.*.BIDS.*.BIDS.*.SEQUENCE;streaming.content.*.SEQUENCE,chains.callExpDateMap.*.rho;chains.callExpDateMap.*.theta;chains.putExpDateMap.*.rho,V3-B universal catch-all (CSV-derived vocabulary),NOT_MARKET_DATA,,,NOT_MARKET_DATA: scoped mechanical classifier tail; production wire reads tracked in governance/SCHWAB_V4_REVIEW_MEMOS cone walk
ac9be73cb7b7722a00c6,py,features/lstm_sequence_input.py,75,0,TEXT_LINE_MARKET_TOKEN,"    """"""LSTM sequence preparation failed: invalid canonical data, contract, or history.""""""",sequence,streaming.content.*.ASKS.*.ASKS.*.SEQUENCE;streaming.content.*.BIDS.*.BIDS.*.SEQUENCE;streaming.content.*.SEQUENCE,chains.callExpDateMap.*.theoreticalVolatility;chains.callExpDateMap.*.bidSize;chains.putExpDateMap.*.theoreticalVolatility,V3-B universal catch-all (CSV-derived vocabulary),NOT_MARKET_DATA,,,NOT_MARKET_DATA: scoped mechanical classifier tail; production wire reads tracked in governance/SCHWAB_V4_REVIEW_MEMOS cone walk
17b8ee286270aa954298,py,features/lstm_sequence_input.py,82,0,TEXT_LINE_MARKET_TOKEN,"def _canonical_missing_masks(canonical_features: dict[str, Any]) -> list[float]:",list float,chains.callExpDateMap.*.optionDeliverablesList;chains.callExpDateMap.*.optionDeliverablesList.*;chains.callExpDateMap.*.optionDeliverablesList.*.assetType;chains.callExpDateMap.*.optionDeliverablesList.*.currencyType;chains.callExpDateMap.*.optionDeliverablesList.*.deliverableUnits;chains.callExpDateMap.*.optionDeliverablesList.*.symbol;chains.putExpDateMap.*.optionDeliverablesList;chains.putExpDateMap.*.optionDeliverablesList.*;chains.putExpDateMap.*.optionDeliverablesList.*.assetType;chains.putExpDateMap.*.optionDeliverablesList.*.currencyType;chains.putExpDateMap.*.optionDeliverablesList.*.deliverableUnits;chains.putExpDateMap.*.optionDeliverablesList.*.symbol;instruments.*.fundamental.marketCapFloat;instruments.*.fundamental.shortIntToFloat,chains.callExpDateMap.*.askSize;chains.callExpDateMap.*.theoreticalVolatility;chains.callExpDateMap.*.bidSize,V3-B universal catch-all (CSV-derived vocabulary),NOT_MARKET_DATA,,,NOT_MARKET_DATA: scoped mechanical classifier tail; production wire reads tracked in governance/SCHWAB_V4_REVIEW_MEMOS cone walk
ad09fdf747ebe9c41377,py,features/lstm_sequence_input.py,83,0,TEXT_LINE_MARKET_TOKEN,    return [1.0 if canonical_features.get(k) is not None else 0.0 for k in _CANONICAL_NUMERIC_MASK_ORDER],return,instruments.*.fundamental.returnOnAssets;instruments.*.fundamental.returnOnEquity;instruments.*.fundamental.returnOnInvestment,streaming.content.*.ASKS.*.ASK_PRICE;chains.putExpDateMap.*.rho;streaming.content.*.ASK_SIZE,V3-B universal catch-all (CSV-derived vocabulary),NOT_MARKET_DATA,,,NOT_MARKET_DATA: scoped mechanical classifier tail; production wire reads tracked in governance/SCHWAB_V4_REVIEW_MEMOS cone walk
6dbcb5c96b58a5ab7b10,py,features/lstm_sequence_input.py,87,0,TEXT_LINE_MARKET_TOKEN,"    features: list[float],",list float,chains.callExpDateMap.*.optionDeliverablesList;chains.callExpDateMap.*.optionDeliverablesList.*;chains.callExpDateMap.*.optionDeliverablesList.*.assetType;chains.callExpDateMap.*.optionDeliverablesList.*.currencyType;chains.callExpDateMap.*.optionDeliverablesList.*.deliverableUnits;chains.callExpDateMap.*.optionDeliverablesList.*.symbol;chains.putExpDateMap.*.optionDeliverablesList;chains.putExpDateMap.*.optionDeliverablesList.*;chains.putExpDateMap.*.optionDeliverablesList.*.assetType;chains.putExpDateMap.*.optionDeliverablesList.*.currencyType;chains.putExpDateMap.*.optionDeliverablesList.*.deliverableUnits;chains.putExpDateMap.*.optionDeliverablesList.*.symbol;instruments.*.fundamental.marketCapFloat;instruments.*.fundamental.shortIntToFloat,chains.callExpDateMap.*.theoreticalVolatility;chains.putExpDateMap.*.theoreticalVolatility;chains.callExpDateMap.*.volatility,V3-B universal catch-all (CSV-derived vocabulary),NOT_MARKET_DATA,,,NOT_MARKET_DATA: scoped mechanical classifier tail; production wire reads tracked in governance/SCHWAB_V4_REVIEW_MEMOS cone walk
b79c8686777fddd7a0f3,py,features/lstm_sequence_input.py,88,0,TEXT_LINE_MARKET_TOKEN,"    feature_names: list[str],",list,chains.callExpDateMap.*.optionDeliverablesList;chains.callExpDateMap.*.optionDeliverablesList.*;chains.callExpDateMap.*.optionDeliverablesList.*.assetType;chains.callExpDateMap.*.optionDeliverablesList.*.currencyType;chains.callExpDateMap.*.optionDeliverablesList.*.deliverableUnits;chains.callExpDateMap.*.optionDeliverablesList.*.symbol;chains.putExpDateMap.*.optionDeliverablesList;chains.putExpDateMap.*.optionDeliverablesList.*;chains.putExpDateMap.*.optionDeliverablesList.*.assetType;chains.putExpDateMap.*.optionDeliverablesList.*.currencyType;chains.putExpDateMap.*.optionDeliverablesList.*.deliverableUnits;chains.putExpDateMap.*.optionDeliverablesList.*.symbol,quotes.regular.regularMarketLastSize;streaming.content.*.ASK_SIZE;quotes.fundamental.sharesOutstanding,V3-B universal catch-all (CSV-derived vocabulary),NOT_MARKET_DATA,,,NOT_MARKET_DATA: scoped mechanical classifier tail; production wire reads tracked in governance/SCHWAB_V4_REVIEW_MEMOS cone walk
ddea9217d90bdbe38a00,py,features/lstm_sequence_input.py,92,0,TEXT_LINE_MARKET_TOKEN,"        zi = feature_names.index(""zone"")",index,chains.isIndex,chains.putExpDateMap.*.bidSize;quotes.extended.bidSize;quotes.extended.askSize,V3-B universal catch-all (CSV-derived vocabulary),NOT_MARKET_DATA,,,NOT_MARKET_DATA: scoped mechanical classifier tail; production wire reads tracked in governance/SCHWAB_V4_REVIEW_MEMOS cone walk
d91b2077e05b70ec9f6d,py,features/lstm_sequence_input.py,97,0,TEXT_LINE_MARKET_TOKEN,"            features[zi] = float(ZONE_MAP.get(str(z).lower(), 2))",float,instruments.*.fundamental.marketCapFloat;instruments.*.fundamental.shortIntToFloat,chains.putExpDateMap.*.theoreticalVolatility;chains.callExpDateMap.*.theoreticalVolatility;chains.volatility,V3-B universal catch-all (CSV-derived vocabulary),NOT_MARKET_DATA,,,NOT_MARKET_DATA: scoped mechanical classifier tail; production wire reads tracked in governance/SCHWAB_V4_REVIEW_MEMOS cone walk
45d7e7a309f17a3bb971,py,features/lstm_sequence_input.py,99,0,TEXT_LINE_MARKET_TOKEN,"        vi = feature_names.index(""vwap_side"")",index,chains.isIndex,chains.putExpDateMap.*.bidSize;chains.putExpDateMap.*.askSize;chains.callExpDateMap.*.bidSize,V3-B universal catch-all (CSV-derived vocabulary),NOT_MARKET_DATA,,,NOT_MARKET_DATA: scoped mechanical classifier tail; production wire reads tracked in governance/SCHWAB_V4_REVIEW_MEMOS cone walk
c8ac727f700ee36cf7a3,py,features/lstm_sequence_input.py,104,0,TEXT_LINE_MARKET_TOKEN,"            features[vi] = float(VWAP_SIDE_MAP.get(str(vs).lower(), VWAP_SIDE_UNKNOWN_ENCODED))",float,instruments.*.fundamental.marketCapFloat;instruments.*.fundamental.shortIntToFloat,chains.putExpDateMap.*.askSize;chains.putExpDateMap.*.bidSize;chains.callExpDateMap.*.bidSize,V3-B universal catch-all (CSV-derived vocabulary),NOT_MARKET_DATA,,,NOT_MARKET_DATA: scoped mechanical classifier tail; production wire reads tracked in governance/SCHWAB_V4_REVIEW_MEMOS cone walk
e5214e11975d77e813b3,py,features/lstm_sequence_input.py,110,0,TEXT_LINE_MARKET_TOKEN,"    ref_spot: float,",float,instruments.*.fundamental.marketCapFloat;instruments.*.fundamental.shortIntToFloat,quotes.quote.totalVolume;chains.callExpDateMap.*.totalVolume;chains.putExpDateMap.*.totalVolume,V3-B universal catch-all (CSV-derived vocabulary),NOT_MARKET_DATA,,,NOT_MARKET_DATA: scoped mechanical classifier tail; production wire reads tracked in governance/SCHWAB_V4_REVIEW_MEMOS cone walk
22d946b873c02715d484,py,features/lstm_sequence_input.py,115,0,TEXT_LINE_MARKET_TOKEN,    Missing canonical numerics are accompanied by mask=0 (value may be 0.0 from encoder).,value,chains.callExpDateMap.*.extrinsicValue;chains.callExpDateMap.*.intrinsicValue;chains.callExpDateMap.*.theoreticalOptionValue;chains.callExpDateMap.*.timeValue;chains.putExpDateMap.*.extrinsicValue;chains.putExpDateMap.*.intrinsicValue;chains.putExpDateMap.*.theoreticalOptionValue;chains.putExpDateMap.*.timeValue;instruments.*.fundamental.bookValuePerShare,chains.callExpDateMap.*.gamma;chains.callExpDateMap.*.rho;chains.putExpDateMap.*.gamma,V3-B universal catch-all (CSV-derived vocabulary),NOT_MARKET_DATA,,,NOT_MARKET_DATA: scoped mechanical classifier tail; production wire reads tracked in governance/SCHWAB_V4_REVIEW_MEMOS cone walk
c6ca3f8495a71b465f6d,py,features/lstm_sequence_input.py,117,0,TEXT_LINE_MARKET_TOKEN,"    base = list(encode_snapshot_5m(dict(merged_row), ref_spot))",list,chains.callExpDateMap.*.optionDeliverablesList;chains.callExpDateMap.*.optionDeliverablesList.*;chains.callExpDateMap.*.optionDeliverablesList.*.assetType;chains.callExpDateMap.*.optionDeliverablesList.*.currencyType;chains.callExpDateMap.*.optionDeliverablesList.*.deliverableUnits;chains.callExpDateMap.*.optionDeliverablesList.*.symbol;chains.putExpDateMap.*.optionDeliverablesList;chains.putExpDateMap.*.optionDeliverablesList.*;chains.putExpDateMap.*.optionDeliverablesList.*.assetType;chains.putExpDateMap.*.optionDeliverablesList.*.currencyType;chains.putExpDateMap.*.optionDeliverablesList.*.deliverableUnits;chains.putExpDateMap.*.optionDeliverablesList.*.symbol,quotes.quote.bidSize;quotes.quote.askSize;chains.putExpDateMap.*.bidSize,V3-B universal catch-all (CSV-derived vocabulary),NOT_MARKET_DATA,,,NOT_MARKET_DATA: scoped mechanical classifier tail; production wire reads tracked in governance/SCHWAB_V4_REVIEW_MEMOS cone walk
7c167b8df4612125fff7,py,features/lstm_sequence_input.py,120,0,TEXT_LINE_MARKET_TOKEN,"    return {""features"": base + masks, ""canonical_missing_masks"": masks}",return,instruments.*.fundamental.returnOnAssets;instruments.*.fundamental.returnOnEquity;instruments.*.fundamental.returnOnInvestment,chains.callExpDateMap.*.askSize;chains.callExpDateMap.*.gamma;chains.putExpDateMap.*.askSize,V3-B universal catch-all (CSV-derived vocabulary),NOT_MARKET_DATA,,,NOT_MARKET_DATA: scoped mechanical classifier tail; production wire reads tracked in governance/SCHWAB_V4_REVIEW_MEMOS cone walk
e5baf4ef6e94f99b6025,py,features/lstm_sequence_input.py,126,0,TEXT_LINE_MARKET_TOKEN,"    ref_spot: float,",float,instruments.*.fundamental.marketCapFloat;instruments.*.fundamental.shortIntToFloat,quotes.quote.totalVolume;chains.callExpDateMap.*.totalVolume;chains.putExpDateMap.*.totalVolume,V3-B universal catch-all (CSV-derived vocabulary),NOT_MARKET_DATA,,,NOT_MARKET_DATA: scoped mechanical classifier tail; production wire reads tracked in governance/SCHWAB_V4_REVIEW_MEMOS cone walk
e0f235b80bd5ba64b031,py,features/lstm_sequence_input.py,128,0,TEXT_LINE_MARKET_TOKEN,"    """"""Micro-stream encode with the same missingness / sentinel contract as structure.""""""",the,chains.callExpDateMap.*.inTheMoney;chains.putExpDateMap.*.inTheMoney,streaming.content.*.ASK_SIZE;streaming.content.*.ASKS;streaming.content.*.BIDS,V3-B universal catch-all (CSV-derived vocabulary),NOT_MARKET_DATA,,,NOT_MARKET_DATA: scoped mechanical classifier tail; production wire reads tracked in governance/SCHWAB_V4_REVIEW_MEMOS cone walk
63a4ae294584f16c0109,py,features/lstm_sequence_input.py,129,0,TEXT_LINE_MARKET_TOKEN,"    base = list(encode_snapshot_1m(dict(merged_row), ref_spot))",list,chains.callExpDateMap.*.optionDeliverablesList;chains.callExpDateMap.*.optionDeliverablesList.*;chains.callExpDateMap.*.optionDeliverablesList.*.assetType;chains.callExpDateMap.*.optionDeliverablesList.*.currencyType;chains.callExpDateMap.*.optionDeliverablesList.*.deliverableUnits;chains.callExpDateMap.*.optionDeliverablesList.*.symbol;chains.putExpDateMap.*.optionDeliverablesList;chains.putExpDateMap.*.optionDeliverablesList.*;chains.putExpDateMap.*.optionDeliverablesList.*.assetType;chains.putExpDateMap.*.optionDeliverablesList.*.currencyType;chains.putExpDateMap.*.optionDeliverablesList.*.deliverableUnits;chains.putExpDateMap.*.optionDeliverablesList.*.symbol,quotes.quote.bidSize;quotes.quote.askSize;chains.putExpDateMap.*.bidSize,V3-B universal catch-all (CSV-derived vocabulary),NOT_MARKET_DATA,,,NOT_MARKET_DATA: scoped mechanical classifier tail; production wire reads tracked in governance/SCHWAB_V4_REVIEW_MEMOS cone walk
6e0ccc48ebc721f270bf,py,features/lstm_sequence_input.py,132,0,TEXT_LINE_MARKET_TOKEN,"    return {""features"": base + masks, ""canonical_missing_masks"": masks}",return,instruments.*.fundamental.returnOnAssets;instruments.*.fundamental.returnOnEquity;instruments.*.fundamental.returnOnInvestment,chains.callExpDateMap.*.askSize;chains.callExpDateMap.*.gamma;chains.putExpDateMap.*.askSize,V3-B universal catch-all (CSV-derived vocabulary),NOT_MARKET_DATA,,,NOT_MARKET_DATA: scoped mechanical classifier tail; production wire reads tracked in governance/SCHWAB_V4_REVIEW_MEMOS cone walk
d1af4f847a1d0bf25fb8,py,features/lstm_sequence_input.py,141,0,TEXT_LINE_MARKET_TOKEN,    (canonical_name -> value).,value,chains.callExpDateMap.*.extrinsicValue;chains.callExpDateMap.*.intrinsicValue;chains.callExpDateMap.*.theoreticalOptionValue;chains.callExpDateMap.*.timeValue;chains.putExpDateMap.*.extrinsicValue;chains.putExpDateMap.*.intrinsicValue;chains.putExpDateMap.*.theoreticalOptionValue;chains.putExpDateMap.*.timeValue;instruments.*.fundamental.bookValuePerShare,chains.callExpDateMap.*.exchangeName;chains.callExpDateMap.*.timeValue;chains.callExpDateMap.*.lastSize,V3-B universal catch-all (CSV-derived vocabulary),NOT_MARKET_DATA,,,NOT_MARKET_DATA: scoped mechanical classifier tail; production wire reads tracked in governance/SCHWAB_V4_REVIEW_MEMOS cone walk
c48890adb7a7aabab894,py,features/lstm_sequence_input.py,146,0,TEXT_LINE_MARKET_TOKEN,    return out,return,instruments.*.fundamental.returnOnAssets;instruments.*.fundamental.returnOnEquity;instruments.*.fundamental.returnOnInvestment,market_hours.future.RTY.isOpen;market_hours.future.ZT.isOpen;market_hours.future.BTC.isOpen,V3-B universal catch-all (CSV-derived vocabulary),NOT_MARKET_DATA,,,NOT_MARKET_DATA: scoped mechanical classifier tail; production wire reads tracked in governance/SCHWAB_V4_REVIEW_MEMOS cone walk
14fe588275b136b23e49,py,features/lstm_sequence_input.py,149,0,TEXT_LINE_MARKET_TOKEN,"def _ts_close(a: Any, b: Any, *, eps: float = 1e-3) -> bool:",eps float,instruments.*.fundamental.eps;instruments.*.fundamental.epsChange;instruments.*.fundamental.epsChangePercentTTM;instruments.*.fundamental.epsChangeYear;instruments.*.fundamental.epsTTM;quotes.fundamental.eps;instruments.*.fundamental.marketCapFloat;instruments.*.fundamental.shortIntToFloat,chains.callExpDateMap.*.totalVolume;chains.callExpDateMap.*.askSize;chains.callExpDateMap.*.delta,V3-B universal catch-all (CSV-derived vocabulary),NOT_MARKET_DATA,,,NOT_MARKET_DATA: scoped mechanical classifier tail; production wire reads tracked in governance/SCHWAB_V4_REVIEW_MEMOS cone walk
fa161e971f0190a19089,py,features/lstm_sequence_input.py,151,0,TEXT_LINE_MARKET_TOKEN,"    True when both UTC timestamps are within ``eps`` seconds (default **1e-3**, ~1 ms).",eps,instruments.*.fundamental.eps;instruments.*.fundamental.epsChange;instruments.*.fundamental.epsChangePercentTTM;instruments.*.fundamental.epsChangeYear;instruments.*.fundamental.epsTTM;quotes.fundamental.eps,chains.putExpDateMap.*.theta;chains.putExpDateMap.*.delta;chains.putExpDateMap.*.rho,V3-B universal catch-all (CSV-derived vocabulary),NOT_MARKET_DATA,,,NOT_MARKET_DATA: scoped mechanical classifier tail; production wire reads tracked in governance/SCHWAB_V4_REVIEW_MEMOS cone walk
8a58c014e1a6f568c65e,py,features/lstm_sequence_input.py,153,0,TEXT_LINE_MARKET_TOKEN,    Used by ``build_lstm_merged_windows`` to align ``day_snaps`` rows with the live,the,chains.callExpDateMap.*.inTheMoney;chains.putExpDateMap.*.inTheMoney,quotes.quote.bidSize;quotes.quote.askSize;quotes.extended.askSize,V3-B universal catch-all (CSV-derived vocabulary),NOT_MARKET_DATA,,,NOT_MARKET_DATA: scoped mechanical classifier tail; production wire reads tracked in governance/SCHWAB_V4_REVIEW_MEMOS cone walk
77fe907a00c9ba453aa7,py,features/lstm_sequence_input.py,154,0,TEXT_LINE_MARKET_TOKEN,    window's last bar. Callers must pass comparable ``ts_utc`` values (same epoch,last bar,chains.callExpDateMap.*.last;chains.callExpDateMap.*.lastSize;chains.callExpDateMap.*.lastTradingDay;chains.putExpDateMap.*.last;chains.putExpDateMap.*.lastSize;chains.putExpDateMap.*.lastTradingDay;chains.underlying.last;movers.screeners.*.lastPrice;quotes.extended.lastPrice;quotes.extended.lastSize;quotes.fundamental.lastEarningsDate;quotes.quote.lastMICId;quotes.quote.lastPrice;quotes.quote.lastSize;quotes.regular.regularMarketLastPrice;quotes.regular.regularMarketLastSize;streaming.content.*.LAST_ID;streaming.content.*.LAST_MIC_ID;streaming.content.*.LAST_PRICE;streaming.content.*.LAST_SIZE;streaming.content.*.REGULAR_MARKET_LAST_PRICE;streaming.content.*.REGULAR_MARKET_LAST_SIZE,chains.callExpDateMap.*.theta;chains.callExpDateMap.*.delta;chains.callExpDateMap.*.gamma,V3-B universal catch-all (CSV-derived vocabulary),NOT_MARKET_DATA,,,NOT_MARKET_DATA: scoped mechanical classifier tail; production wire reads tracked in governance/SCHWAB_V4_REVIEW_MEMOS cone walk
8185bd3ca69d909666d9,py,features/lstm_sequence_input.py,155,0,TEXT_LINE_MARKET_TOKEN,"    units); the epsilon tolerates float serialization jitter only, not missing bars.",units the float only,chains.callExpDateMap.*.optionDeliverablesList.*.deliverableUnits;chains.putExpDateMap.*.optionDeliverablesList.*.deliverableUnits;chains.callExpDateMap.*.inTheMoney;chains.putExpDateMap.*.inTheMoney;instruments.*.fundamental.marketCapFloat;instruments.*.fundamental.shortIntToFloat,chains.volatility;chains.putExpDateMap.*.theoreticalVolatility;chains.callExpDateMap.*.theoreticalVolatility,V3-B universal catch-all (CSV-derived vocabulary),NOT_MARKET_DATA,,,NOT_MARKET_DATA: scoped mechanical classifier tail; production wire reads tracked in governance/SCHWAB_V4_REVIEW_MEMOS cone walk
4b0a6e93c5cdb65503b0,py,features/lstm_sequence_input.py,159,0,TEXT_LINE_MARKET_TOKEN,            return False,return,instruments.*.fundamental.returnOnAssets;instruments.*.fundamental.returnOnEquity;instruments.*.fundamental.returnOnInvestment,quotes.regular.regularMarketLastSize;quotes.regular.regularMarketLastPrice;quotes.regular.regularMarketTradeTime,V3-B universal catch-all (CSV-derived vocabulary),NOT_MARKET_DATA,,,NOT_MARKET_DATA: scoped mechanical classifier tail; production wire reads tracked in governance/SCHWAB_V4_REVIEW_MEMOS cone walk
84d43e885a187e73c26f,py,features/lstm_sequence_input.py,160,0,TEXT_LINE_MARKET_TOKEN,        return abs(float(a) - float(b)) < eps,return float eps,instruments.*.fundamental.returnOnAssets;instruments.*.fundamental.returnOnEquity;instruments.*.fundamental.returnOnInvestment;instruments.*.fundamental.marketCapFloat;instruments.*.fundamental.shortIntToFloat;instruments.*.fundamental.eps;instruments.*.fundamental.epsChange;instruments.*.fundamental.epsChangePercentTTM;instruments.*.fundamental.epsChangeYear;instruments.*.fundamental.epsTTM;quotes.fundamental.eps,chains.putExpDateMap.*.theoreticalVolatility;chains.callExpDateMap.*.theoreticalVolatility;chains.volatility,V3-B universal catch-all (CSV-derived vocabulary),NOT_MARKET_DATA,,,NOT_MARKET_DATA: scoped mechanical classifier tail; production wire reads tracked in governance/SCHWAB_V4_REVIEW_MEMOS cone walk
3a41d2250d769f9ef1c2,py,features/lstm_sequence_input.py,162,0,TEXT_LINE_MARKET_TOKEN,        return False,return,instruments.*.fundamental.returnOnAssets;instruments.*.fundamental.returnOnEquity;instruments.*.fundamental.returnOnInvestment,quotes.regular.regularMarketLastSize;quotes.regular.regularMarketLastPrice;quotes.regular.regularMarketTradeTime,V3-B universal catch-all (CSV-derived vocabulary),NOT_MARKET_DATA,,,NOT_MARKET_DATA: scoped mechanical classifier tail; production wire reads tracked in governance/SCHWAB_V4_REVIEW_MEMOS cone walk
249bc83737579a01216e,py,features/lstm_sequence_input.py,166,0,TEXT_LINE_MARKET_TOKEN,"    window: list[Mapping[str, Any]],",list,chains.callExpDateMap.*.optionDeliverablesList;chains.callExpDateMap.*.optionDeliverablesList.*;chains.callExpDateMap.*.optionDeliverablesList.*.assetType;chains.callExpDateMap.*.optionDeliverablesList.*.currencyType;chains.callExpDateMap.*.optionDeliverablesList.*.deliverableUnits;chains.callExpDateMap.*.optionDeliverablesList.*.symbol;chains.putExpDateMap.*.optionDeliverablesList;chains.putExpDateMap.*.optionDeliverablesList.*;chains.putExpDateMap.*.optionDeliverablesList.*.assetType;chains.putExpDateMap.*.optionDeliverablesList.*.currencyType;chains.putExpDateMap.*.optionDeliverablesList.*.deliverableUnits;chains.putExpDateMap.*.optionDeliverablesList.*.symbol,chains.putExpDateMap.*.theoreticalVolatility;chains.callExpDateMap.*.theoreticalVolatility;chains.callExpDateMap.*.optionDeliverablesList,V3-B universal catch-all (CSV-derived vocabulary),NOT_MARKET_DATA,,,NOT_MARKET_DATA: scoped mechanical classifier tail; production wire reads tracked in governance/SCHWAB_V4_REVIEW_MEMOS cone walk
9519a2939d46f43d46a7,py,features/lstm_sequence_input.py,167,0,TEXT_LINE_MARKET_TOKEN,"    day_snaps: list[Mapping[str, Any]],",list,chains.callExpDateMap.*.optionDeliverablesList;chains.callExpDateMap.*.optionDeliverablesList.*;chains.callExpDateMap.*.optionDeliverablesList.*.assetType;chains.callExpDateMap.*.optionDeliverablesList.*.currencyType;chains.callExpDateMap.*.optionDeliverablesList.*.deliverableUnits;chains.callExpDateMap.*.optionDeliverablesList.*.symbol;chains.putExpDateMap.*.optionDeliverablesList;chains.putExpDateMap.*.optionDeliverablesList.*;chains.putExpDateMap.*.optionDeliverablesList.*.assetType;chains.putExpDateMap.*.optionDeliverablesList.*.currencyType;chains.putExpDateMap.*.optionDeliverablesList.*.deliverableUnits;chains.putExpDateMap.*.optionDeliverablesList.*.symbol,chains.callExpDateMap.*.lastTradingDay;chains.callExpDateMap.*.askSize;chains.callExpDateMap.*.optionDeliverablesList.*.assetType,V3-B universal catch-all (CSV-derived vocabulary),NOT_MARKET_DATA,,,NOT_MARKET_DATA: scoped mechanical classifier tail; production wire reads tracked in governance/SCHWAB_V4_REVIEW_MEMOS cone walk
c2a0236d1297147497f3,py,features/lstm_sequence_input.py,170,0,TEXT_LINE_MARKET_TOKEN,") -> tuple[list[dict], list[dict]]:",list,chains.callExpDateMap.*.optionDeliverablesList;chains.callExpDateMap.*.optionDeliverablesList.*;chains.callExpDateMap.*.optionDeliverablesList.*.assetType;chains.callExpDateMap.*.optionDeliverablesList.*.currencyType;chains.callExpDateMap.*.optionDeliverablesList.*.deliverableUnits;chains.callExpDateMap.*.optionDeliverablesList.*.symbol;chains.putExpDateMap.*.optionDeliverablesList;chains.putExpDateMap.*.optionDeliverablesList.*;chains.putExpDateMap.*.optionDeliverablesList.*.assetType;chains.putExpDateMap.*.optionDeliverablesList.*.currencyType;chains.putExpDateMap.*.optionDeliverablesList.*.deliverableUnits;chains.putExpDateMap.*.optionDeliverablesList.*.symbol,chains.volatility;chains.putExpDateMap.*.theoreticalVolatility;chains.callExpDateMap.*.theoreticalVolatility,V3-B universal catch-all (CSV-derived vocabulary),NOT_MARKET_DATA,,,NOT_MARKET_DATA: scoped mechanical classifier tail; production wire reads tracked in governance/SCHWAB_V4_REVIEW_MEMOS cone walk
8bf325d1c7cd924a369c,py,features/lstm_sequence_input.py,172,0,TEXT_LINE_MARKET_TOKEN,"    Build merged snapshot dicts for LSTM encode + confluence. Per bar, MVP comes from",per bar,instruments.*.fundamental.bookValuePerShare,pricehistory.candles.*.volume;chains.callExpDateMap.*.rho;movers.screeners.*.totalVolume,V3-B universal catch-all (CSV-derived vocabulary),NOT_MARKET_DATA,,,NOT_MARKET_DATA: scoped mechanical classifier tail; production wire reads tracked in governance/SCHWAB_V4_REVIEW_MEMOS cone walk
815771e801b6b8498736,py,features/lstm_sequence_input.py,173,0,TEXT_LINE_MARKET_TOKEN,"    `build_db_mvp_feature_row` except the **last bar of `window`**, which uses",the last bar,chains.callExpDateMap.*.inTheMoney;chains.putExpDateMap.*.inTheMoney;chains.callExpDateMap.*.last;chains.callExpDateMap.*.lastSize;chains.callExpDateMap.*.lastTradingDay;chains.putExpDateMap.*.last;chains.putExpDateMap.*.lastSize;chains.putExpDateMap.*.lastTradingDay;chains.underlying.last;movers.screeners.*.lastPrice;quotes.extended.lastPrice;quotes.extended.lastSize;quotes.fundamental.lastEarningsDate;quotes.quote.lastMICId;quotes.quote.lastPrice;quotes.quote.lastSize;quotes.regular.regularMarketLastPrice;quotes.regular.regularMarketLastSize;streaming.content.*.LAST_ID;streaming.content.*.LAST_MIC_ID;streaming.content.*.LAST_PRICE;streaming.content.*.LAST_SIZE;streaming.content.*.REGULAR_MARKET_LAST_PRICE;streaming.content.*.REGULAR_MARKET_LAST_SIZE,quotes.quote.bidSize;quotes.quote.askSize;chains.putExpDateMap.*.bidSize,V3-B universal catch-all (CSV-derived vocabulary),NOT_MARKET_DATA,,,NOT_MARKET_DATA: scoped mechanical classifier tail; production wire reads tracked in governance/SCHWAB_V4_REVIEW_MEMOS cone walk
e6c325045a67bdbaa8bc,py,features/lstm_sequence_input.py,174,0,TEXT_LINE_MARKET_TOKEN,"    `inference_snapshot_v1[""features""]` when provided (live current bar).",current bar,instruments.*.fundamental.currentRatio,chains.putExpDateMap.*.bidSize;quotes.extended.askSize;quotes.quote.bidSize,V3-B universal catch-all (CSV-derived vocabulary),NOT_MARKET_DATA,,,NOT_MARKET_DATA: scoped mechanical classifier tail; production wire reads tracked in governance/SCHWAB_V4_REVIEW_MEMOS cone walk
741dc2963265308aa223,py,features/lstm_sequence_input.py,176,0,TEXT_LINE_MARKET_TOKEN,"    Day-bar alignment: when ``inference_snapshot_v1`` is set, rows in ``day_snaps`` whose",day bar,chains.callExpDateMap.*.lastTradingDay;chains.putExpDateMap.*.lastTradingDay;instruments.*.fundamental.shortIntDayToCover;streaming.content.*.CHART_DAY,chains.putExpDateMap.*.rho;chains.putExpDateMap.*.askSize;chains.callExpDateMap.*.rho,V3-B universal catch-all (CSV-derived vocabulary),NOT_MARKET_DATA,,,NOT_MARKET_DATA: scoped mechanical classifier tail; production wire reads tracked in governance/SCHWAB_V4_REVIEW_MEMOS cone walk
050c8dd278aaae4dd3df,py,features/lstm_sequence_input.py,177,0,TEXT_LINE_MARKET_TOKEN,"    ``ts_utc`` is within **1 ms** of the window's last bar (see ``_ts_close``, default",the last bar,chains.callExpDateMap.*.inTheMoney;chains.putExpDateMap.*.inTheMoney;chains.callExpDateMap.*.last;chains.callExpDateMap.*.lastSize;chains.callExpDateMap.*.lastTradingDay;chains.putExpDateMap.*.last;chains.putExpDateMap.*.lastSize;chains.putExpDateMap.*.lastTradingDay;chains.underlying.last;movers.screeners.*.lastPrice;quotes.extended.lastPrice;quotes.extended.lastSize;quotes.fundamental.lastEarningsDate;quotes.quote.lastMICId;quotes.quote.lastPrice;quotes.quote.lastSize;quotes.regular.regularMarketLastPrice;quotes.regular.regularMarketLastSize;streaming.content.*.LAST_ID;streaming.content.*.LAST_MIC_ID;streaming.content.*.LAST_PRICE;streaming.content.*.LAST_SIZE;streaming.content.*.REGULAR_MARKET_LAST_PRICE;streaming.content.*.REGULAR_MARKET_LAST_SIZE,quotes.quote.askSize;quotes.quote.bidSize;quotes.extended.askSize,V3-B universal catch-all (CSV-derived vocabulary),NOT_MARKET_DATA,,,NOT_MARKET_DATA: scoped mechanical classifier tail; production wire reads tracked in governance/SCHWAB_V4_REVIEW_MEMOS cone walk
b13f47b443aa447b477a,py,features/lstm_sequence_input.py,178,0,TEXT_LINE_MARKET_TOKEN,    ``eps=1e-3``) also receive live canonical features.,eps,instruments.*.fundamental.eps;instruments.*.fundamental.epsChange;instruments.*.fundamental.epsChangePercentTTM;instruments.*.fundamental.epsChangeYear;instruments.*.fundamental.epsTTM;quotes.fundamental.eps,chains.callExpDateMap.*.vega;chains.callExpDateMap.*.delta;chains.callExpDateMap.*.theta,V3-B universal catch-all (CSV-derived vocabulary),NOT_MARKET_DATA,,,NOT_MARKET_DATA: scoped mechanical classifier tail; production wire reads tracked in governance/SCHWAB_V4_REVIEW_MEMOS cone walk
a62a28c9aa9f721e7bba,py,features/lstm_sequence_input.py,193,0,TEXT_LINE_MARKET_TOKEN,    merged_window: list[dict] = [],list,chains.callExpDateMap.*.optionDeliverablesList;chains.callExpDateMap.*.optionDeliverablesList.*;chains.callExpDateMap.*.optionDeliverablesList.*.assetType;chains.callExpDateMap.*.optionDeliverablesList.*.currencyType;chains.callExpDateMap.*.optionDeliverablesList.*.deliverableUnits;chains.callExpDateMap.*.optionDeliverablesList.*.symbol;chains.putExpDateMap.*.optionDeliverablesList;chains.putExpDateMap.*.optionDeliverablesList.*;chains.putExpDateMap.*.optionDeliverablesList.*.assetType;chains.putExpDateMap.*.optionDeliverablesList.*.currencyType;chains.putExpDateMap.*.optionDeliverablesList.*.deliverableUnits;chains.putExpDateMap.*.optionDeliverablesList.*.symbol,quotes.extended.bidSize;quotes.quote.bidSize;quotes.extended.askSize,V3-B universal catch-all (CSV-derived vocabulary),NOT_MARKET_DATA,,,NOT_MARKET_DATA: scoped mechanical classifier tail; production wire reads tracked in governance/SCHWAB_V4_REVIEW_MEMOS cone walk
f9d453272333f802540b,py,features/lstm_sequence_input.py,208,0,TEXT_LINE_MARKET_TOKEN,    merged_days: list[dict] = [],list,chains.callExpDateMap.*.optionDeliverablesList;chains.callExpDateMap.*.optionDeliverablesList.*;chains.callExpDateMap.*.optionDeliverablesList.*.assetType;chains.callExpDateMap.*.optionDeliverablesList.*.currencyType;chains.callExpDateMap.*.optionDeliverablesList.*.deliverableUnits;chains.callExpDateMap.*.optionDeliverablesList.*.symbol;chains.putExpDateMap.*.optionDeliverablesList;chains.putExpDateMap.*.optionDeliverablesList.*;chains.putExpDateMap.*.optionDeliverablesList.*.assetType;chains.putExpDateMap.*.optionDeliverablesList.*.currencyType;chains.putExpDateMap.*.optionDeliverablesList.*.deliverableUnits;chains.putExpDateMap.*.optionDeliverablesList.*.symbol,quotes.extended.bidSize;quotes.extended.askSize;chains.callExpDateMap.*.bidSize,V3-B universal catch-all (CSV-derived vocabulary),NOT_MARKET_DATA,,,NOT_MARKET_DATA: scoped mechanical classifier tail; production wire reads tracked in governance/SCHWAB_V4_REVIEW_MEMOS cone walk
f7a65bb791edc9063993,py,features/lstm_sequence_input.py,225,0,TEXT_LINE_MARKET_TOKEN,"    return merged_window, merged_days",return,instruments.*.fundamental.returnOnAssets;instruments.*.fundamental.returnOnEquity;instruments.*.fundamental.returnOnInvestment,quotes.extended.bidSize;quotes.extended.askSize;quotes.quote.bidSize,V3-B universal catch-all (CSV-derived vocabulary),NOT_MARKET_DATA,,,NOT_MARKET_DATA: scoped mechanical classifier tail; production wire reads tracked in governance/SCHWAB_V4_REVIEW_MEMOS cone walk
34dac430e9415f09d9bb,py,features/lstm_sequence_input.py,229,0,TEXT_LINE_MARKET_TOKEN,"    window: list[Mapping[str, Any]],",list,chains.callExpDateMap.*.optionDeliverablesList;chains.callExpDateMap.*.optionDeliverablesList.*;chains.callExpDateMap.*.optionDeliverablesList.*.assetType;chains.callExpDateMap.*.optionDeliverablesList.*.currencyType;chains.callExpDateMap.*.optionDeliverablesList.*.deliverableUnits;chains.callExpDateMap.*.optionDeliverablesList.*.symbol;chains.putExpDateMap.*.optionDeliverablesList;chains.putExpDateMap.*.optionDeliverablesList.*;chains.putExpDateMap.*.optionDeliverablesList.*.assetType;chains.putExpDateMap.*.optionDeliverablesList.*.currencyType;chains.putExpDateMap.*.optionDeliverablesList.*.deliverableUnits;chains.putExpDateMap.*.optionDeliverablesList.*.symbol,chains.putExpDateMap.*.theoreticalVolatility;chains.callExpDateMap.*.theoreticalVolatility;chains.callExpDateMap.*.optionDeliverablesList,V3-B universal catch-all (CSV-derived vocabulary),NOT_MARKET_DATA,,,NOT_MARKET_DATA: scoped mechanical classifier tail; production wire reads tracked in governance/SCHWAB_V4_REVIEW_MEMOS cone walk
6927be138b362c4e1657,py,features/lstm_sequence_input.py,232,0,TEXT_LINE_MARKET_TOKEN,) -> list[dict]:,list,chains.callExpDateMap.*.optionDeliverablesList;chains.callExpDateMap.*.optionDeliverablesList.*;chains.callExpDateMap.*.optionDeliverablesList.*.assetType;chains.callExpDateMap.*.optionDeliverablesList.*.currencyType;chains.callExpDateMap.*.optionDeliverablesList.*.deliverableUnits;chains.callExpDateMap.*.optionDeliverablesList.*.symbol;chains.putExpDateMap.*.optionDeliverablesList;chains.putExpDateMap.*.optionDeliverablesList.*;chains.putExpDateMap.*.optionDeliverablesList.*.assetType;chains.putExpDateMap.*.optionDeliverablesList.*.currencyType;chains.putExpDateMap.*.optionDeliverablesList.*.deliverableUnits;chains.putExpDateMap.*.optionDeliverablesList.*.symbol,chains.volatility;chains.putExpDateMap.*.theoreticalVolatility;chains.callExpDateMap.*.theoreticalVolatility,V3-B universal catch-all (CSV-derived vocabulary),NOT_MARKET_DATA,,,NOT_MARKET_DATA: scoped mechanical classifier tail; production wire reads tracked in governance/SCHWAB_V4_REVIEW_MEMOS cone walk
ce0381f43997bcfcd84c,py,features/lstm_sequence_input.py,234,0,TEXT_LINE_MARKET_TOKEN,    Build merged DB-shaped rows for `encode_snapshot_5m` (Transformer sequence).,sequence,streaming.content.*.ASKS.*.ASKS.*.SEQUENCE;streaming.content.*.BIDS.*.BIDS.*.SEQUENCE;streaming.content.*.SEQUENCE,quotes.quote.askSize;quotes.extended.askSize;chains.putExpDateMap.*.rho,V3-B universal catch-all (CSV-derived vocabulary),NOT_MARKET_DATA,,,NOT_MARKET_DATA: scoped mechanical classifier tail; production wire reads tracked in governance/SCHWAB_V4_REVIEW_MEMOS cone walk
73017aba1e70601c5770,py,features/lstm_sequence_input.py,236,0,TEXT_LINE_MARKET_TOKEN,    Uses the same per-bar MVP merge as `build_lstm_merged_windows` for the structure stream.,the per bar,chains.callExpDateMap.*.inTheMoney;chains.putExpDateMap.*.inTheMoney;instruments.*.fundamental.bookValuePerShare,chains.putExpDateMap.*.theta;quotes.quote.askSize;chains.putExpDateMap.*.rho,V3-B universal catch-all (CSV-derived vocabulary),NOT_MARKET_DATA,,,NOT_MARKET_DATA: scoped mechanical classifier tail; production wire reads tracked in governance/SCHWAB_V4_REVIEW_MEMOS cone walk
6330281fbf1a45c8aeee,py,features/lstm_sequence_input.py,237,0,TEXT_LINE_MARKET_TOKEN,    `day_snaps` is set to `list(window)` so live-bar override by `ts_utc` matches the last bar,list bar the last,chains.callExpDateMap.*.optionDeliverablesList;chains.callExpDateMap.*.optionDeliverablesList.*;chains.callExpDateMap.*.optionDeliverablesList.*.assetType;chains.callExpDateMap.*.optionDeliverablesList.*.currencyType;chains.callExpDateMap.*.optionDeliverablesList.*.deliverableUnits;chains.callExpDateMap.*.optionDeliverablesList.*.symbol;chains.putExpDateMap.*.optionDeliverablesList;chains.putExpDateMap.*.optionDeliverablesList.*;chains.putExpDateMap.*.optionDeliverablesList.*.assetType;chains.putExpDateMap.*.optionDeliverablesList.*.currencyType;chains.putExpDateMap.*.optionDeliverablesList.*.deliverableUnits;chains.putExpDateMap.*.optionDeliverablesList.*.symbol;chains.callExpDateMap.*.inTheMoney;chains.putExpDateMap.*.inTheMoney;chains.callExpDateMap.*.last;chains.callExpDateMap.*.lastSize;chains.callExpDateMap.*.lastTradingDay;chains.putExpDateMap.*.last;chains.putExpDateMap.*.lastSize;chains.putExpDateMap.*.lastTradingDay;chains.underlying.last;movers.screeners.*.lastPrice;quotes.extended.lastPrice;quotes.extended.lastSize;quotes.fundamental.lastEarningsDate,quotes.quote.askSize;quotes.quote.bidSize;chains.putExpDateMap.*.askSize,V3-B universal catch-all (CSV-derived vocabulary),NOT_MARKET_DATA,,,NOT_MARKET_DATA: scoped mechanical classifier tail; production wire reads tracked in governance/SCHWAB_V4_REVIEW_MEMOS cone walk
c23e88d889fcfb4da663,py,features/lstm_sequence_input.py,238,0,TEXT_LINE_MARKET_TOKEN,    of the encoder window only.,the only,chains.callExpDateMap.*.inTheMoney;chains.putExpDateMap.*.inTheMoney,pricehistory.candles.*.volume;streaming.content.*.VOLUME;chains.underlying.totalVolume,V3-B universal catch-all (CSV-derived vocabulary),NOT_MARKET_DATA,,,NOT_MARKET_DATA: scoped mechanical classifier tail; production wire reads tracked in governance/SCHWAB_V4_REVIEW_MEMOS cone walk
6fce2ee76656ea78cb0b,python,features/lstm_sequence_input.py,65,0,MAGIC_NUMERIC_DEFAULT,VWAP_SIDE_UNKNOWN_ENCODED = 2.0,VWAP_SIDE_UNKNOWN_ENCODED,,quotes.extended.askSize;quotes.extended.bidPrice;quotes.extended.askPrice,V3 G1 imputation (name intersects CSV vocabulary),NOT_MARKET_DATA,,,NOT_MARKET_DATA: scoped mechanical classifier tail; production wire reads tracked in governance/SCHWAB_V4_REVIEW_MEMOS cone walk
4c6a212502a8971d847f,python,features/lstm_sequence_input.py,92,13,ATTRIBUTE_MARKET,attr .index,index,chains.isIndex,quotes.extended.bidPrice;quotes.extended.bidSize;instruments.*.fundamental.dividendYield,V3 G1 Python,NOT_MARKET_DATA,,,NOT_MARKET_DATA: scoped mechanical classifier tail; production wire reads tracked in governance/SCHWAB_V4_REVIEW_MEMOS cone walk
6e2bed37bc11b51f6a0f,python,features/lstm_sequence_input.py,99,13,ATTRIBUTE_MARKET,attr .index,index,chains.isIndex,quotes.extended.bidPrice;quotes.extended.bidSize;instruments.*.fundamental.dividendYield,V3 G1 Python,NOT_MARKET_DATA,,,NOT_MARKET_DATA: scoped mechanical classifier tail; production wire reads tracked in governance/SCHWAB_V4_REVIEW_MEMOS cone walk
003cb1f7f3a65286a077,python,features/lstm_sequence_input.py,160,19,BINOP_MARKET_IDENT,BinOp with CSV-vocabulary identifiers,float,instruments.*.fundamental.marketCapFloat;instruments.*.fundamental.shortIntToFloat,chains.callExpDateMap.*.theoreticalVolatility;chains.callExpDateMap.*.totalVolume;chains.putExpDateMap.*.theoreticalVolatility,V3 G1 Python,NOT_MARKET_DATA,,,NOT_MARKET_DATA: scoped mechanical classifier tail; production wire reads tracked in governance/SCHWAB_V4_REVIEW_MEMOS cone walk
e170636c747a92df7198,cross_validator,features/lstm_sequence_input.py,2,0,pattern_kind_miss,"LSTM sequence encoding contract (1m MVP, downstream enforcement).",sequence,streaming.content.*.ASKS.*.ASKS.*.SEQUENCE;streaming.content.*.BIDS.*.BIDS.*.SEQUENCE;streaming.content.*.SEQUENCE,pricehistory.candles.*.datetime;instruments.*.fundamental.epsChangePercentTTM;instruments.*.fundamental.interestCoverage,V3 G2 cross-validator (CSV vocabulary),NOT_MARKET_DATA,,,module docstring (AST); tools/track_a_module_docstring_nmd_pass.py
01ae935554ea337c90d8,cross_validator,features/lstm_sequence_input.py,4,0,pattern_kind_miss,"Sequence bars are encoded with `lstm_data.encode_snapshot_5m` / `encode_snapshot_1m`, which expect",sequence,streaming.content.*.ASKS.*.ASKS.*.SEQUENCE;streaming.content.*.BIDS.*.BIDS.*.SEQUENCE;streaming.content.*.SEQUENCE,chains.putExpDateMap.*.theta;chains.callExpDateMap.*.theta;quotes.quote.askSize,V3 G2 cross-validator (CSV vocabulary),NOT_MARKET_DATA,,,module docstring (AST); tools/track_a_module_docstring_nmd_pass.py
c7a6d633899e842775e1,cross_validator,features/lstm_sequence_input.py,6,0,pattern_kind_miss,"must come **only** from validated canonical feature rows — never directly from raw L1, SignalInput,",only,,chains.callExpDateMap.*.totalVolume;chains.callExpDateMap.*.theoreticalVolatility;chains.putExpDateMap.*.totalVolume,V3 G2 cross-validator (CSV vocabulary),NOT_MARKET_DATA,,,module docstring (AST); tools/track_a_module_docstring_nmd_pass.py
d25f7fad904f49400617,cross_validator,features/lstm_sequence_input.py,9,0,pattern_kind_miss,"Non-MVP columns in `FEATURES_5M` / `FEATURES_1M` (walls, cross-asset, VIX, candle_body_pts, …)",non asset,chains.callExpDateMap.*.nonStandard;chains.putExpDateMap.*.nonStandard;chains.assetMainType;chains.assetSubType;chains.callExpDateMap.*.optionDeliverablesList.*.assetType;chains.putExpDateMap.*.optionDeliverablesList.*.assetType;instruments.*.assetType;quotes.assetMainType;quotes.assetSubType;streaming.content.*.assetMainType;streaming.content.*.assetSubType,chains.callExpDateMap.*.totalVolume;chains.putExpDateMap.*.totalVolume;quotes.quote.askSize,V3 G2 cross-validator (CSV vocabulary),NOT_MARKET_DATA,,,module docstring (AST); tools/track_a_module_docstring_nmd_pass.py
fea64372ad7b0208fda0,cross_validator,features/lstm_sequence_input.py,10,0,pattern_kind_miss,remain sourced from the DB row until a future contract expansion; MVP slots are overwritten from,the future,chains.callExpDateMap.*.inTheMoney;chains.putExpDateMap.*.inTheMoney;market_hours.future;market_hours.future.ADA;market_hours.future.ADA.category;market_hours.future.ADA.date;market_hours.future.ADA.exchange;market_hours.future.ADA.isOpen;market_hours.future.ADA.marketType;market_hours.future.ADA.product;market_hours.future.ADA.productName;market_hours.future.ADA.sessionHours;market_hours.future.ADA.sessionHours.noTrading;market_hours.future.ADA.sessionHours.noTrading.*;market_hours.future.ADA.sessionHours.noTrading.*.end;market_hours.future.ADA.sessionHours.noTrading.*.start;market_hours.future.ADA.sessionHours.regularMarket;market_hours.future.ADA.sessionHours.regularMarket.*;market_hours.future.ADA.sessionHours.regularMarket.*.end;market_hours.future.ADA.sessionHours.regularMarket.*.start;market_hours.future.AW;market_hours.future.AW.category;market_hours.future.AW.date;market_hours.future.AW.exchange;market_hours.future.AW.isOpen,movers.screeners.*.totalVolume;chains.putExpDateMap.*.totalVolume;pricehistory.candles.*.volume,V3 G2 cross-validator (CSV vocabulary),NOT_MARKET_DATA,,,module docstring (AST); tools/track_a_module_docstring_nmd_pass.py
7ad0e339c8b58e487556,cross_validator,features/lstm_sequence_input.py,11,0,pattern_kind_miss,canonical after stripping legacy MVP keys from the row copy.,the,chains.callExpDateMap.*.inTheMoney;chains.putExpDateMap.*.inTheMoney,chains.callExpDateMap.*.openInterest;chains.callExpDateMap.*.rho;chains.putExpDateMap.*.rho,V3 G2 cross-validator (CSV vocabulary),NOT_MARKET_DATA,,,module docstring (AST); tools/track_a_module_docstring_nmd_pass.py
7e9f5f8881b125ca0352,cross_validator,features/lstm_sequence_input.py,18,0,pattern_kind_miss,- **Sequence length:** `STREAM_5M_LOOKBACK` consecutive 1m bars for structure stream;,sequence,streaming.content.*.ASKS.*.ASKS.*.SEQUENCE;streaming.content.*.BIDS.*.BIDS.*.SEQUENCE;streaming.content.*.SEQUENCE,quotes.quote.askSize;quotes.regular.regularMarketLastSize;streaming.content.*.ASK_SIZE,V3 G2 cross-validator (CSV vocabulary),NOT_MARKET_DATA,,,module docstring (AST); tools/track_a_module_docstring_nmd_pass.py
fef04a2cb4c679721daf,cross_validator,features/lstm_sequence_input.py,20,0,pattern_kind_miss,- **Feature ordering:** unchanged from training — `lstm_data.FEATURES_5M` / `FEATURES_1M` column order,order,,streaming.content.*.ASK_SIZE;quotes.fundamental.avg1YearVolume;streaming.content.*.ASKS.*.TOTAL_VOLUME,V3 G2 cross-validator (CSV vocabulary),NOT_MARKET_DATA,,,module docstring (AST); tools/track_a_module_docstring_nmd_pass.py
80713f545d42b5e7c112,cross_validator,features/lstm_sequence_input.py,27,0,pattern_kind_miss,Transformer encoder window (same canonical MVP rules as the LSTM **5m structure stream**):,the,chains.callExpDateMap.*.inTheMoney;chains.putExpDateMap.*.inTheMoney,chains.putExpDateMap.*.rho;chains.callExpDateMap.*.rho;chains.callExpDateMap.*.theta,V3 G2 cross-validator (CSV vocabulary),NOT_MARKET_DATA,,,module docstring (AST); tools/track_a_module_docstring_nmd_pass.py
d0e0c2104176fbf1aa73,cross_validator,features/lstm_sequence_input.py,30,0,pattern_kind_miss,"- **Sequence:** `seq_len` consecutive 1m DB snapshots (model checkpoint `seq_len`, default 20);",sequence model,streaming.content.*.ASKS.*.ASKS.*.SEQUENCE;streaming.content.*.BIDS.*.BIDS.*.SEQUENCE;streaming.content.*.SEQUENCE,chains.putExpDateMap.*.delta;chains.callExpDateMap.*.theta;chains.putExpDateMap.*.high52Week,V3 G2 cross-validator (CSV vocabulary),NOT_MARKET_DATA,,,module docstring (AST); tools/track_a_module_docstring_nmd_pass.py
6812e5503db4153f73c0,cross_validator,features/lstm_sequence_input.py,31,0,pattern_kind_miss,  each bar merged the same way as LSTM `window` — MVP from `build_db_mvp_feature_row` except the,bar the,chains.callExpDateMap.*.inTheMoney;chains.putExpDateMap.*.inTheMoney,chains.putExpDateMap.*.theta;chains.putExpDateMap.*.delta;chains.putExpDateMap.*.askSize,V3 G2 cross-validator (CSV vocabulary),NOT_MARKET_DATA,,,module docstring (AST); tools/track_a_module_docstring_nmd_pass.py
9272c31abd2cdcab1944,cross_validator,features/lstm_sequence_input.py,32,0,pattern_kind_miss,"  last bar, which uses `inference_snapshot_v1[""features""]` when provided.",last bar,chains.callExpDateMap.*.last;chains.callExpDateMap.*.lastSize;chains.callExpDateMap.*.lastTradingDay;chains.putExpDateMap.*.last;chains.putExpDateMap.*.lastSize;chains.putExpDateMap.*.lastTradingDay;chains.underlying.last;movers.screeners.*.lastPrice;quotes.extended.lastPrice;quotes.extended.lastSize;quotes.fundamental.lastEarningsDate;quotes.quote.lastMICId;quotes.quote.lastPrice;quotes.quote.lastSize;quotes.regular.regularMarketLastPrice;quotes.regular.regularMarketLastSize;streaming.content.*.LAST_ID;streaming.content.*.LAST_MIC_ID;streaming.content.*.LAST_PRICE;streaming.content.*.LAST_SIZE;streaming.content.*.REGULAR_MARKET_LAST_PRICE;streaming.content.*.REGULAR_MARKET_LAST_SIZE,chains.putExpDateMap.*.askSize;quotes.quote.askSize;quotes.extended.askSize,V3 G2 cross-validator (CSV vocabulary),NOT_MARKET_DATA,,,module docstring (AST); tools/track_a_module_docstring_nmd_pass.py
430c16b70ae6426ea061,cross_validator,features/lstm_sequence_input.py,33,0,pattern_kind_miss,"- **Encoding:** `lstm_data.encode_snapshot_5m(merged_row, ref_spot)` per bar; feature order is",per bar order,instruments.*.fundamental.bookValuePerShare,quotes.quote.askSize;chains.putExpDateMap.*.askSize;chains.putExpDateMap.*.rho,V3 G2 cross-validator (CSV vocabulary),NOT_MARKET_DATA,,,module docstring (AST); tools/track_a_module_docstring_nmd_pass.py
c5d9b3982dccbd4883e8,cross_validator,features/lstm_sequence_input.py,38,0,pattern_kind_miss,  failures from the shared merge path).,the,chains.callExpDateMap.*.inTheMoney;chains.putExpDateMap.*.inTheMoney,chains.putExpDateMap.*.rho;chains.putExpDateMap.*.theta;chains.callExpDateMap.*.theta,V3 G2 cross-validator (CSV vocabulary),NOT_MARKET_DATA,,,module docstring (AST); tools/track_a_module_docstring_nmd_pass.py
caf5d11aeed94849033a,cross_validator,features/lstm_sequence_input.py,50,0,pattern_kind_miss,# Re-export for callers documenting sequence length (single source in lstm_data).,sequence,streaming.content.*.ASKS.*.ASKS.*.SEQUENCE;streaming.content.*.BIDS.*.BIDS.*.SEQUENCE;streaming.content.*.SEQUENCE,chains.callExpDateMap.*.rho;chains.callExpDateMap.*.theta;chains.putExpDateMap.*.rho,V3 G2 cross-validator (CSV vocabulary),NOT_MARKET_DATA,,,NOT_MARKET_DATA: scoped mechanical classifier tail; production wire reads tracked in governance/SCHWAB_V4_REVIEW_MEMOS cone walk
3da07fa78fae4407a4f7,cross_validator,features/lstm_sequence_input.py,75,0,pattern_kind_miss,"    """"""LSTM sequence preparation failed: invalid canonical data, contract, or history.""""""",sequence,streaming.content.*.ASKS.*.ASKS.*.SEQUENCE;streaming.content.*.BIDS.*.BIDS.*.SEQUENCE;streaming.content.*.SEQUENCE,chains.callExpDateMap.*.theoreticalVolatility;chains.callExpDateMap.*.bidSize;chains.putExpDateMap.*.theoreticalVolatility,V3 G2 cross-validator (CSV vocabulary),NOT_MARKET_DATA,,,NOT_MARKET_DATA: scoped mechanical classifier tail; production wire reads tracked in governance/SCHWAB_V4_REVIEW_MEMOS cone walk
78081319acb492fe3185,cross_validator,features/lstm_sequence_input.py,82,0,pattern_kind_miss,"def _canonical_missing_masks(canonical_features: dict[str, Any]) -> list[float]:",list float,chains.callExpDateMap.*.optionDeliverablesList;chains.callExpDateMap.*.optionDeliverablesList.*;chains.callExpDateMap.*.optionDeliverablesList.*.assetType;chains.callExpDateMap.*.optionDeliverablesList.*.currencyType;chains.callExpDateMap.*.optionDeliverablesList.*.deliverableUnits;chains.callExpDateMap.*.optionDeliverablesList.*.symbol;chains.putExpDateMap.*.optionDeliverablesList;chains.putExpDateMap.*.optionDeliverablesList.*;chains.putExpDateMap.*.optionDeliverablesList.*.assetType;chains.putExpDateMap.*.optionDeliverablesList.*.currencyType;chains.putExpDateMap.*.optionDeliverablesList.*.deliverableUnits;chains.putExpDateMap.*.optionDeliverablesList.*.symbol;instruments.*.fundamental.marketCapFloat;instruments.*.fundamental.shortIntToFloat,chains.callExpDateMap.*.askSize;chains.callExpDateMap.*.theoreticalVolatility;chains.callExpDateMap.*.bidSize,V3 G2 cross-validator (CSV vocabulary),NOT_MARKET_DATA,,,NOT_MARKET_DATA: scoped mechanical classifier tail; production wire reads tracked in governance/SCHWAB_V4_REVIEW_MEMOS cone walk
92c7c9f86be137c735d7,cross_validator,features/lstm_sequence_input.py,83,0,pattern_kind_miss,    return [1.0 if canonical_features.get(k) is not None else 0.0 for k in _CANONICAL_NUMERIC_MASK_ORDER],return,instruments.*.fundamental.returnOnAssets;instruments.*.fundamental.returnOnEquity;instruments.*.fundamental.returnOnInvestment,streaming.content.*.ASKS.*.ASK_PRICE;chains.putExpDateMap.*.rho;streaming.content.*.ASK_SIZE,V3 G2 cross-validator (CSV vocabulary),NOT_MARKET_DATA,,,NOT_MARKET_DATA: scoped mechanical classifier tail; production wire reads tracked in governance/SCHWAB_V4_REVIEW_MEMOS cone walk
23734aab21c074afbcd0,cross_validator,features/lstm_sequence_input.py,87,0,pattern_kind_miss,"    features: list[float],",list float,chains.callExpDateMap.*.optionDeliverablesList;chains.callExpDateMap.*.optionDeliverablesList.*;chains.callExpDateMap.*.optionDeliverablesList.*.assetType;chains.callExpDateMap.*.optionDeliverablesList.*.currencyType;chains.callExpDateMap.*.optionDeliverablesList.*.deliverableUnits;chains.callExpDateMap.*.optionDeliverablesList.*.symbol;chains.putExpDateMap.*.optionDeliverablesList;chains.putExpDateMap.*.optionDeliverablesList.*;chains.putExpDateMap.*.optionDeliverablesList.*.assetType;chains.putExpDateMap.*.optionDeliverablesList.*.currencyType;chains.putExpDateMap.*.optionDeliverablesList.*.deliverableUnits;chains.putExpDateMap.*.optionDeliverablesList.*.symbol;instruments.*.fundamental.marketCapFloat;instruments.*.fundamental.shortIntToFloat,chains.callExpDateMap.*.theoreticalVolatility;chains.putExpDateMap.*.theoreticalVolatility;chains.callExpDateMap.*.volatility,V3 G2 cross-validator (CSV vocabulary),NOT_MARKET_DATA,,,NOT_MARKET_DATA: scoped mechanical classifier tail; production wire reads tracked in governance/SCHWAB_V4_REVIEW_MEMOS cone walk
52636a9de8780fda2d16,cross_validator,features/lstm_sequence_input.py,88,0,pattern_kind_miss,"    feature_names: list[str],",list,chains.callExpDateMap.*.optionDeliverablesList;chains.callExpDateMap.*.optionDeliverablesList.*;chains.callExpDateMap.*.optionDeliverablesList.*.assetType;chains.callExpDateMap.*.optionDeliverablesList.*.currencyType;chains.callExpDateMap.*.optionDeliverablesList.*.deliverableUnits;chains.callExpDateMap.*.optionDeliverablesList.*.symbol;chains.putExpDateMap.*.optionDeliverablesList;chains.putExpDateMap.*.optionDeliverablesList.*;chains.putExpDateMap.*.optionDeliverablesList.*.assetType;chains.putExpDateMap.*.optionDeliverablesList.*.currencyType;chains.putExpDateMap.*.optionDeliverablesList.*.deliverableUnits;chains.putExpDateMap.*.optionDeliverablesList.*.symbol,quotes.regular.regularMarketLastSize;streaming.content.*.ASK_SIZE;quotes.fundamental.sharesOutstanding,V3 G2 cross-validator (CSV vocabulary),NOT_MARKET_DATA,,,NOT_MARKET_DATA: scoped mechanical classifier tail; production wire reads tracked in governance/SCHWAB_V4_REVIEW_MEMOS cone walk
58aa09068c4a683fc721,cross_validator,features/lstm_sequence_input.py,97,0,pattern_kind_miss,"            features[zi] = float(ZONE_MAP.get(str(z).lower(), 2))",float,instruments.*.fundamental.marketCapFloat;instruments.*.fundamental.shortIntToFloat,chains.putExpDateMap.*.theoreticalVolatility;chains.callExpDateMap.*.theoreticalVolatility;chains.volatility,V3 G2 cross-validator (CSV vocabulary),NOT_MARKET_DATA,,,NOT_MARKET_DATA: scoped mechanical classifier tail; production wire reads tracked in governance/SCHWAB_V4_REVIEW_MEMOS cone walk
ef6315503fb3bd7a5686,cross_validator,features/lstm_sequence_input.py,104,0,pattern_kind_miss,"            features[vi] = float(VWAP_SIDE_MAP.get(str(vs).lower(), VWAP_SIDE_UNKNOWN_ENCODED))",float,instruments.*.fundamental.marketCapFloat;instruments.*.fundamental.shortIntToFloat,chains.putExpDateMap.*.askSize;chains.putExpDateMap.*.bidSize;chains.callExpDateMap.*.bidSize,V3 G2 cross-validator (CSV vocabulary),NOT_MARKET_DATA,,,NOT_MARKET_DATA: scoped mechanical classifier tail; production wire reads tracked in governance/SCHWAB_V4_REVIEW_MEMOS cone walk
c544d27843435b32f033,cross_validator,features/lstm_sequence_input.py,110,0,pattern_kind_miss,"    ref_spot: float,",float,instruments.*.fundamental.marketCapFloat;instruments.*.fundamental.shortIntToFloat,quotes.quote.totalVolume;chains.callExpDateMap.*.totalVolume;chains.putExpDateMap.*.totalVolume,V3 G2 cross-validator (CSV vocabulary),NOT_MARKET_DATA,,,NOT_MARKET_DATA: scoped mechanical classifier tail; production wire reads tracked in governance/SCHWAB_V4_REVIEW_MEMOS cone walk
6ff168af412bf4fb32a0,cross_validator,features/lstm_sequence_input.py,115,0,pattern_kind_miss,    Missing canonical numerics are accompanied by mask=0 (value may be 0.0 from encoder).,value,chains.callExpDateMap.*.extrinsicValue;chains.callExpDateMap.*.intrinsicValue;chains.callExpDateMap.*.theoreticalOptionValue;chains.callExpDateMap.*.timeValue;chains.putExpDateMap.*.extrinsicValue;chains.putExpDateMap.*.intrinsicValue;chains.putExpDateMap.*.theoreticalOptionValue;chains.putExpDateMap.*.timeValue;instruments.*.fundamental.bookValuePerShare,chains.callExpDateMap.*.gamma;chains.callExpDateMap.*.rho;chains.putExpDateMap.*.gamma,V3 G2 cross-validator (CSV vocabulary),NOT_MARKET_DATA,,,NOT_MARKET_DATA: scoped mechanical classifier tail; production wire reads tracked in governance/SCHWAB_V4_REVIEW_MEMOS cone walk
c79849eccc2b206781aa,cross_validator,features/lstm_sequence_input.py,117,0,pattern_kind_miss,"    base = list(encode_snapshot_5m(dict(merged_row), ref_spot))",list,chains.callExpDateMap.*.optionDeliverablesList;chains.callExpDateMap.*.optionDeliverablesList.*;chains.callExpDateMap.*.optionDeliverablesList.*.assetType;chains.callExpDateMap.*.optionDeliverablesList.*.currencyType;chains.callExpDateMap.*.optionDeliverablesList.*.deliverableUnits;chains.callExpDateMap.*.optionDeliverablesList.*.symbol;chains.putExpDateMap.*.optionDeliverablesList;chains.putExpDateMap.*.optionDeliverablesList.*;chains.putExpDateMap.*.optionDeliverablesList.*.assetType;chains.putExpDateMap.*.optionDeliverablesList.*.currencyType;chains.putExpDateMap.*.optionDeliverablesList.*.deliverableUnits;chains.putExpDateMap.*.optionDeliverablesList.*.symbol,quotes.quote.bidSize;quotes.quote.askSize;chains.putExpDateMap.*.bidSize,V3 G2 cross-validator (CSV vocabulary),NOT_MARKET_DATA,,,NOT_MARKET_DATA: scoped mechanical classifier tail; production wire reads tracked in governance/SCHWAB_V4_REVIEW_MEMOS cone walk
f82a14a5890f9700c0ad,cross_validator,features/lstm_sequence_input.py,120,0,pattern_kind_miss,"    return {""features"": base + masks, ""canonical_missing_masks"": masks}",return,instruments.*.fundamental.returnOnAssets;instruments.*.fundamental.returnOnEquity;instruments.*.fundamental.returnOnInvestment,chains.callExpDateMap.*.askSize;chains.callExpDateMap.*.gamma;chains.putExpDateMap.*.askSize,V3 G2 cross-validator (CSV vocabulary),NOT_MARKET_DATA,,,NOT_MARKET_DATA: scoped mechanical classifier tail; production wire reads tracked in governance/SCHWAB_V4_REVIEW_MEMOS cone walk
287aeebe832f35b5c2ca,cross_validator,features/lstm_sequence_input.py,126,0,pattern_kind_miss,"    ref_spot: float,",float,instruments.*.fundamental.marketCapFloat;instruments.*.fundamental.shortIntToFloat,quotes.quote.totalVolume;chains.callExpDateMap.*.totalVolume;chains.putExpDateMap.*.totalVolume,V3 G2 cross-validator (CSV vocabulary),NOT_MARKET_DATA,,,NOT_MARKET_DATA: scoped mechanical classifier tail; production wire reads tracked in governance/SCHWAB_V4_REVIEW_MEMOS cone walk
1552fc61934dca181feb,cross_validator,features/lstm_sequence_input.py,128,0,pattern_kind_miss,"    """"""Micro-stream encode with the same missingness / sentinel contract as structure.""""""",the,chains.callExpDateMap.*.inTheMoney;chains.putExpDateMap.*.inTheMoney,streaming.content.*.ASK_SIZE;streaming.content.*.ASKS;streaming.content.*.BIDS,V3 G2 cross-validator (CSV vocabulary),NOT_MARKET_DATA,,,NOT_MARKET_DATA: scoped mechanical classifier tail; production wire reads tracked in governance/SCHWAB_V4_REVIEW_MEMOS cone walk
fc116c3aea2a034d071c,cross_validator,features/lstm_sequence_input.py,129,0,pattern_kind_miss,"    base = list(encode_snapshot_1m(dict(merged_row), ref_spot))",list,chains.callExpDateMap.*.optionDeliverablesList;chains.callExpDateMap.*.optionDeliverablesList.*;chains.callExpDateMap.*.optionDeliverablesList.*.assetType;chains.callExpDateMap.*.optionDeliverablesList.*.currencyType;chains.callExpDateMap.*.optionDeliverablesList.*.deliverableUnits;chains.callExpDateMap.*.optionDeliverablesList.*.symbol;chains.putExpDateMap.*.optionDeliverablesList;chains.putExpDateMap.*.optionDeliverablesList.*;chains.putExpDateMap.*.optionDeliverablesList.*.assetType;chains.putExpDateMap.*.optionDeliverablesList.*.currencyType;chains.putExpDateMap.*.optionDeliverablesList.*.deliverableUnits;chains.putExpDateMap.*.optionDeliverablesList.*.symbol,quotes.quote.bidSize;quotes.quote.askSize;chains.putExpDateMap.*.bidSize,V3 G2 cross-validator (CSV vocabulary),NOT_MARKET_DATA,,,NOT_MARKET_DATA: scoped mechanical classifier tail; production wire reads tracked in governance/SCHWAB_V4_REVIEW_MEMOS cone walk
37b0405be91ed83cb7cf,cross_validator,features/lstm_sequence_input.py,132,0,pattern_kind_miss,"    return {""features"": base + masks, ""canonical_missing_masks"": masks}",return,instruments.*.fundamental.returnOnAssets;instruments.*.fundamental.returnOnEquity;instruments.*.fundamental.returnOnInvestment,chains.callExpDateMap.*.askSize;chains.callExpDateMap.*.gamma;chains.putExpDateMap.*.askSize,V3 G2 cross-validator (CSV vocabulary),NOT_MARKET_DATA,,,NOT_MARKET_DATA: scoped mechanical classifier tail; production wire reads tracked in governance/SCHWAB_V4_REVIEW_MEMOS cone walk
591fe636821cfc3d3f41,cross_validator,features/lstm_sequence_input.py,141,0,pattern_kind_miss,    (canonical_name -> value).,value,chains.callExpDateMap.*.extrinsicValue;chains.callExpDateMap.*.intrinsicValue;chains.callExpDateMap.*.theoreticalOptionValue;chains.callExpDateMap.*.timeValue;chains.putExpDateMap.*.extrinsicValue;chains.putExpDateMap.*.intrinsicValue;chains.putExpDateMap.*.theoreticalOptionValue;chains.putExpDateMap.*.timeValue;instruments.*.fundamental.bookValuePerShare,chains.callExpDateMap.*.exchangeName;chains.callExpDateMap.*.timeValue;chains.callExpDateMap.*.lastSize,V3 G2 cross-validator (CSV vocabulary),NOT_MARKET_DATA,,,NOT_MARKET_DATA: scoped mechanical classifier tail; production wire reads tracked in governance/SCHWAB_V4_REVIEW_MEMOS cone walk
a6541af075c275d17009,cross_validator,features/lstm_sequence_input.py,146,0,pattern_kind_miss,    return out,return,instruments.*.fundamental.returnOnAssets;instruments.*.fundamental.returnOnEquity;instruments.*.fundamental.returnOnInvestment,market_hours.future.RTY.isOpen;market_hours.future.ZT.isOpen;market_hours.future.BTC.isOpen,V3 G2 cross-validator (CSV vocabulary),NOT_MARKET_DATA,,,NOT_MARKET_DATA: scoped mechanical classifier tail; production wire reads tracked in governance/SCHWAB_V4_REVIEW_MEMOS cone walk
b583a6dae46c1def701d,cross_validator,features/lstm_sequence_input.py,149,0,pattern_kind_miss,"def _ts_close(a: Any, b: Any, *, eps: float = 1e-3) -> bool:",eps float,instruments.*.fundamental.eps;instruments.*.fundamental.epsChange;instruments.*.fundamental.epsChangePercentTTM;instruments.*.fundamental.epsChangeYear;instruments.*.fundamental.epsTTM;quotes.fundamental.eps;instruments.*.fundamental.marketCapFloat;instruments.*.fundamental.shortIntToFloat,chains.callExpDateMap.*.totalVolume;chains.callExpDateMap.*.askSize;chains.callExpDateMap.*.delta,V3 G2 cross-validator (CSV vocabulary),NOT_MARKET_DATA,,,NOT_MARKET_DATA: scoped mechanical classifier tail; production wire reads tracked in governance/SCHWAB_V4_REVIEW_MEMOS cone walk
57a2265b12618852e448,cross_validator,features/lstm_sequence_input.py,151,0,pattern_kind_miss,"    True when both UTC timestamps are within ``eps`` seconds (default **1e-3**, ~1 ms).",eps,instruments.*.fundamental.eps;instruments.*.fundamental.epsChange;instruments.*.fundamental.epsChangePercentTTM;instruments.*.fundamental.epsChangeYear;instruments.*.fundamental.epsTTM;quotes.fundamental.eps,chains.putExpDateMap.*.theta;chains.putExpDateMap.*.delta;chains.putExpDateMap.*.rho,V3 G2 cross-validator (CSV vocabulary),NOT_MARKET_DATA,,,NOT_MARKET_DATA: scoped mechanical classifier tail; production wire reads tracked in governance/SCHWAB_V4_REVIEW_MEMOS cone walk
0b032aa55db24a1bfcdd,cross_validator,features/lstm_sequence_input.py,153,0,pattern_kind_miss,    Used by ``build_lstm_merged_windows`` to align ``day_snaps`` rows with the live,the,chains.callExpDateMap.*.inTheMoney;chains.putExpDateMap.*.inTheMoney,quotes.quote.bidSize;quotes.quote.askSize;quotes.extended.askSize,V3 G2 cross-validator (CSV vocabulary),NOT_MARKET_DATA,,,NOT_MARKET_DATA: scoped mechanical classifier tail; production wire reads tracked in governance/SCHWAB_V4_REVIEW_MEMOS cone walk
0335116b7ebf958e4642,cross_validator,features/lstm_sequence_input.py,154,0,pattern_kind_miss,    window's last bar. Callers must pass comparable ``ts_utc`` values (same epoch,last bar,chains.callExpDateMap.*.last;chains.callExpDateMap.*.lastSize;chains.callExpDateMap.*.lastTradingDay;chains.putExpDateMap.*.last;chains.putExpDateMap.*.lastSize;chains.putExpDateMap.*.lastTradingDay;chains.underlying.last;movers.screeners.*.lastPrice;quotes.extended.lastPrice;quotes.extended.lastSize;quotes.fundamental.lastEarningsDate;quotes.quote.lastMICId;quotes.quote.lastPrice;quotes.quote.lastSize;quotes.regular.regularMarketLastPrice;quotes.regular.regularMarketLastSize;streaming.content.*.LAST_ID;streaming.content.*.LAST_MIC_ID;streaming.content.*.LAST_PRICE;streaming.content.*.LAST_SIZE;streaming.content.*.REGULAR_MARKET_LAST_PRICE;streaming.content.*.REGULAR_MARKET_LAST_SIZE,chains.callExpDateMap.*.theta;chains.callExpDateMap.*.delta;chains.callExpDateMap.*.gamma,V3 G2 cross-validator (CSV vocabulary),NOT_MARKET_DATA,,,NOT_MARKET_DATA: scoped mechanical classifier tail; production wire reads tracked in governance/SCHWAB_V4_REVIEW_MEMOS cone walk
ab13a28f85372a5067e8,cross_validator,features/lstm_sequence_input.py,155,0,pattern_kind_miss,"    units); the epsilon tolerates float serialization jitter only, not missing bars.",units the float only,chains.callExpDateMap.*.optionDeliverablesList.*.deliverableUnits;chains.putExpDateMap.*.optionDeliverablesList.*.deliverableUnits;chains.callExpDateMap.*.inTheMoney;chains.putExpDateMap.*.inTheMoney;instruments.*.fundamental.marketCapFloat;instruments.*.fundamental.shortIntToFloat,chains.volatility;chains.putExpDateMap.*.theoreticalVolatility;chains.callExpDateMap.*.theoreticalVolatility,V3 G2 cross-validator (CSV vocabulary),NOT_MARKET_DATA,,,NOT_MARKET_DATA: scoped mechanical classifier tail; production wire reads tracked in governance/SCHWAB_V4_REVIEW_MEMOS cone walk
c7fc4172a3aeacb5b451,cross_validator,features/lstm_sequence_input.py,159,0,pattern_kind_miss,            return False,return,instruments.*.fundamental.returnOnAssets;instruments.*.fundamental.returnOnEquity;instruments.*.fundamental.returnOnInvestment,quotes.regular.regularMarketLastSize;quotes.regular.regularMarketLastPrice;quotes.regular.regularMarketTradeTime,V3 G2 cross-validator (CSV vocabulary),NOT_MARKET_DATA,,,NOT_MARKET_DATA: scoped mechanical classifier tail; production wire reads tracked in governance/SCHWAB_V4_REVIEW_MEMOS cone walk
38d5e746bf225ab86a8f,cross_validator,features/lstm_sequence_input.py,162,0,pattern_kind_miss,        return False,return,instruments.*.fundamental.returnOnAssets;instruments.*.fundamental.returnOnEquity;instruments.*.fundamental.returnOnInvestment,quotes.regular.regularMarketLastSize;quotes.regular.regularMarketLastPrice;quotes.regular.regularMarketTradeTime,V3 G2 cross-validator (CSV vocabulary),NOT_MARKET_DATA,,,NOT_MARKET_DATA: scoped mechanical classifier tail; production wire reads tracked in governance/SCHWAB_V4_REVIEW_MEMOS cone walk
acaa4aeb1561ed726c96,cross_validator,features/lstm_sequence_input.py,166,0,pattern_kind_miss,"    window: list[Mapping[str, Any]],",list,chains.callExpDateMap.*.optionDeliverablesList;chains.callExpDateMap.*.optionDeliverablesList.*;chains.callExpDateMap.*.optionDeliverablesList.*.assetType;chains.callExpDateMap.*.optionDeliverablesList.*.currencyType;chains.callExpDateMap.*.optionDeliverablesList.*.deliverableUnits;chains.callExpDateMap.*.optionDeliverablesList.*.symbol;chains.putExpDateMap.*.optionDeliverablesList;chains.putExpDateMap.*.optionDeliverablesList.*;chains.putExpDateMap.*.optionDeliverablesList.*.assetType;chains.putExpDateMap.*.optionDeliverablesList.*.currencyType;chains.putExpDateMap.*.optionDeliverablesList.*.deliverableUnits;chains.putExpDateMap.*.optionDeliverablesList.*.symbol,chains.putExpDateMap.*.theoreticalVolatility;chains.callExpDateMap.*.theoreticalVolatility;chains.callExpDateMap.*.optionDeliverablesList,V3 G2 cross-validator (CSV vocabulary),NOT_MARKET_DATA,,,NOT_MARKET_DATA: scoped mechanical classifier tail; production wire reads tracked in governance/SCHWAB_V4_REVIEW_MEMOS cone walk
8a1f44fa3e45ca72e6af,cross_validator,features/lstm_sequence_input.py,167,0,pattern_kind_miss,"    day_snaps: list[Mapping[str, Any]],",list,chains.callExpDateMap.*.optionDeliverablesList;chains.callExpDateMap.*.optionDeliverablesList.*;chains.callExpDateMap.*.optionDeliverablesList.*.assetType;chains.callExpDateMap.*.optionDeliverablesList.*.currencyType;chains.callExpDateMap.*.optionDeliverablesList.*.deliverableUnits;chains.callExpDateMap.*.optionDeliverablesList.*.symbol;chains.putExpDateMap.*.optionDeliverablesList;chains.putExpDateMap.*.optionDeliverablesList.*;chains.putExpDateMap.*.optionDeliverablesList.*.assetType;chains.putExpDateMap.*.optionDeliverablesList.*.currencyType;chains.putExpDateMap.*.optionDeliverablesList.*.deliverableUnits;chains.putExpDateMap.*.optionDeliverablesList.*.symbol,chains.callExpDateMap.*.lastTradingDay;chains.callExpDateMap.*.askSize;chains.callExpDateMap.*.optionDeliverablesList.*.assetType,V3 G2 cross-validator (CSV vocabulary),NOT_MARKET_DATA,,,NOT_MARKET_DATA: scoped mechanical classifier tail; production wire reads tracked in governance/SCHWAB_V4_REVIEW_MEMOS cone walk
7888a59ac94c3d540ec1,cross_validator,features/lstm_sequence_input.py,170,0,pattern_kind_miss,") -> tuple[list[dict], list[dict]]:",list,chains.callExpDateMap.*.optionDeliverablesList;chains.callExpDateMap.*.optionDeliverablesList.*;chains.callExpDateMap.*.optionDeliverablesList.*.assetType;chains.callExpDateMap.*.optionDeliverablesList.*.currencyType;chains.callExpDateMap.*.optionDeliverablesList.*.deliverableUnits;chains.callExpDateMap.*.optionDeliverablesList.*.symbol;chains.putExpDateMap.*.optionDeliverablesList;chains.putExpDateMap.*.optionDeliverablesList.*;chains.putExpDateMap.*.optionDeliverablesList.*.assetType;chains.putExpDateMap.*.optionDeliverablesList.*.currencyType;chains.putExpDateMap.*.optionDeliverablesList.*.deliverableUnits;chains.putExpDateMap.*.optionDeliverablesList.*.symbol,chains.volatility;chains.putExpDateMap.*.theoreticalVolatility;chains.callExpDateMap.*.theoreticalVolatility,V3 G2 cross-validator (CSV vocabulary),NOT_MARKET_DATA,,,NOT_MARKET_DATA: scoped mechanical classifier tail; production wire reads tracked in governance/SCHWAB_V4_REVIEW_MEMOS cone walk
e1d96bc24c5f8668ecb4,cross_validator,features/lstm_sequence_input.py,172,0,pattern_kind_miss,"    Build merged snapshot dicts for LSTM encode + confluence. Per bar, MVP comes from",per bar,instruments.*.fundamental.bookValuePerShare,pricehistory.candles.*.volume;chains.callExpDateMap.*.rho;movers.screeners.*.totalVolume,V3 G2 cross-validator (CSV vocabulary),NOT_MARKET_DATA,,,NOT_MARKET_DATA: scoped mechanical classifier tail; production wire reads tracked in governance/SCHWAB_V4_REVIEW_MEMOS cone walk
32b287ac11ba2539827a,cross_validator,features/lstm_sequence_input.py,173,0,pattern_kind_miss,"    `build_db_mvp_feature_row` except the **last bar of `window`**, which uses",the last bar,chains.callExpDateMap.*.inTheMoney;chains.putExpDateMap.*.inTheMoney;chains.callExpDateMap.*.last;chains.callExpDateMap.*.lastSize;chains.callExpDateMap.*.lastTradingDay;chains.putExpDateMap.*.last;chains.putExpDateMap.*.lastSize;chains.putExpDateMap.*.lastTradingDay;chains.underlying.last;movers.screeners.*.lastPrice;quotes.extended.lastPrice;quotes.extended.lastSize;quotes.fundamental.lastEarningsDate;quotes.quote.lastMICId;quotes.quote.lastPrice;quotes.quote.lastSize;quotes.regular.regularMarketLastPrice;quotes.regular.regularMarketLastSize;streaming.content.*.LAST_ID;streaming.content.*.LAST_MIC_ID;streaming.content.*.LAST_PRICE;streaming.content.*.LAST_SIZE;streaming.content.*.REGULAR_MARKET_LAST_PRICE;streaming.content.*.REGULAR_MARKET_LAST_SIZE,quotes.quote.bidSize;quotes.quote.askSize;chains.putExpDateMap.*.bidSize,V3 G2 cross-validator (CSV vocabulary),NOT_MARKET_DATA,,,NOT_MARKET_DATA: scoped mechanical classifier tail; production wire reads tracked in governance/SCHWAB_V4_REVIEW_MEMOS cone walk
a773895e748bd8f6e3d2,cross_validator,features/lstm_sequence_input.py,174,0,pattern_kind_miss,"    `inference_snapshot_v1[""features""]` when provided (live current bar).",current bar,instruments.*.fundamental.currentRatio,chains.putExpDateMap.*.bidSize;quotes.extended.askSize;quotes.quote.bidSize,V3 G2 cross-validator (CSV vocabulary),NOT_MARKET_DATA,,,NOT_MARKET_DATA: scoped mechanical classifier tail; production wire reads tracked in governance/SCHWAB_V4_REVIEW_MEMOS cone walk
69a2e90be8307cb70287,cross_validator,features/lstm_sequence_input.py,176,0,pattern_kind_miss,"    Day-bar alignment: when ``inference_snapshot_v1`` is set, rows in ``day_snaps`` whose",day bar,chains.callExpDateMap.*.lastTradingDay;chains.putExpDateMap.*.lastTradingDay;instruments.*.fundamental.shortIntDayToCover;streaming.content.*.CHART_DAY,chains.putExpDateMap.*.rho;chains.putExpDateMap.*.askSize;chains.callExpDateMap.*.rho,V3 G2 cross-validator (CSV vocabulary),NOT_MARKET_DATA,,,NOT_MARKET_DATA: scoped mechanical classifier tail; production wire reads tracked in governance/SCHWAB_V4_REVIEW_MEMOS cone walk
f991ef9f827d8cb109e2,cross_validator,features/lstm_sequence_input.py,177,0,pattern_kind_miss,"    ``ts_utc`` is within **1 ms** of the window's last bar (see ``_ts_close``, default",the last bar,chains.callExpDateMap.*.inTheMoney;chains.putExpDateMap.*.inTheMoney;chains.callExpDateMap.*.last;chains.callExpDateMap.*.lastSize;chains.callExpDateMap.*.lastTradingDay;chains.putExpDateMap.*.last;chains.putExpDateMap.*.lastSize;chains.putExpDateMap.*.lastTradingDay;chains.underlying.last;movers.screeners.*.lastPrice;quotes.extended.lastPrice;quotes.extended.lastSize;quotes.fundamental.lastEarningsDate;quotes.quote.lastMICId;quotes.quote.lastPrice;quotes.quote.lastSize;quotes.regular.regularMarketLastPrice;quotes.regular.regularMarketLastSize;streaming.content.*.LAST_ID;streaming.content.*.LAST_MIC_ID;streaming.content.*.LAST_PRICE;streaming.content.*.LAST_SIZE;streaming.content.*.REGULAR_MARKET_LAST_PRICE;streaming.content.*.REGULAR_MARKET_LAST_SIZE,quotes.quote.askSize;quotes.quote.bidSize;quotes.extended.askSize,V3 G2 cross-validator (CSV vocabulary),NOT_MARKET_DATA,,,NOT_MARKET_DATA: scoped mechanical classifier tail; production wire reads tracked in governance/SCHWAB_V4_REVIEW_MEMOS cone walk
cbe9aee82802ee541a52,cross_validator,features/lstm_sequence_input.py,178,0,pattern_kind_miss,    ``eps=1e-3``) also receive live canonical features.,eps,instruments.*.fundamental.eps;instruments.*.fundamental.epsChange;instruments.*.fundamental.epsChangePercentTTM;instruments.*.fundamental.epsChangeYear;instruments.*.fundamental.epsTTM;quotes.fundamental.eps,chains.callExpDateMap.*.vega;chains.callExpDateMap.*.delta;chains.callExpDateMap.*.theta,V3 G2 cross-validator (CSV vocabulary),NOT_MARKET_DATA,,,NOT_MARKET_DATA: scoped mechanical classifier tail; production wire reads tracked in governance/SCHWAB_V4_REVIEW_MEMOS cone walk
b558b6f0b35dcc74a315,cross_validator,features/lstm_sequence_input.py,193,0,pattern_kind_miss,    merged_window: list[dict] = [],list,chains.callExpDateMap.*.optionDeliverablesList;chains.callExpDateMap.*.optionDeliverablesList.*;chains.callExpDateMap.*.optionDeliverablesList.*.assetType;chains.callExpDateMap.*.optionDeliverablesList.*.currencyType;chains.callExpDateMap.*.optionDeliverablesList.*.deliverableUnits;chains.callExpDateMap.*.optionDeliverablesList.*.symbol;chains.putExpDateMap.*.optionDeliverablesList;chains.putExpDateMap.*.optionDeliverablesList.*;chains.putExpDateMap.*.optionDeliverablesList.*.assetType;chains.putExpDateMap.*.optionDeliverablesList.*.currencyType;chains.putExpDateMap.*.optionDeliverablesList.*.deliverableUnits;chains.putExpDateMap.*.optionDeliverablesList.*.symbol,quotes.extended.bidSize;quotes.quote.bidSize;quotes.extended.askSize,V3 G2 cross-validator (CSV vocabulary),NOT_MARKET_DATA,,,NOT_MARKET_DATA: scoped mechanical classifier tail; production wire reads tracked in governance/SCHWAB_V4_REVIEW_MEMOS cone walk
be8f086452d386e321a6,cross_validator,features/lstm_sequence_input.py,208,0,pattern_kind_miss,    merged_days: list[dict] = [],list,chains.callExpDateMap.*.optionDeliverablesList;chains.callExpDateMap.*.optionDeliverablesList.*;chains.callExpDateMap.*.optionDeliverablesList.*.assetType;chains.callExpDateMap.*.optionDeliverablesList.*.currencyType;chains.callExpDateMap.*.optionDeliverablesList.*.deliverableUnits;chains.callExpDateMap.*.optionDeliverablesList.*.symbol;chains.putExpDateMap.*.optionDeliverablesList;chains.putExpDateMap.*.optionDeliverablesList.*;chains.putExpDateMap.*.optionDeliverablesList.*.assetType;chains.putExpDateMap.*.optionDeliverablesList.*.currencyType;chains.putExpDateMap.*.optionDeliverablesList.*.deliverableUnits;chains.putExpDateMap.*.optionDeliverablesList.*.symbol,quotes.extended.bidSize;quotes.extended.askSize;chains.callExpDateMap.*.bidSize,V3 G2 cross-validator (CSV vocabulary),NOT_MARKET_DATA,,,NOT_MARKET_DATA: scoped mechanical classifier tail; production wire reads tracked in governance/SCHWAB_V4_REVIEW_MEMOS cone walk
6076805fd2b0258acfcd,cross_validator,features/lstm_sequence_input.py,225,0,pattern_kind_miss,"    return merged_window, merged_days",return,instruments.*.fundamental.returnOnAssets;instruments.*.fundamental.returnOnEquity;instruments.*.fundamental.returnOnInvestment,quotes.extended.bidSize;quotes.extended.askSize;quotes.quote.bidSize,V3 G2 cross-validator (CSV vocabulary),NOT_MARKET_DATA,,,NOT_MARKET_DATA: scoped mechanical classifier tail; production wire reads tracked in governance/SCHWAB_V4_REVIEW_MEMOS cone walk
7efc4ce6aca70c111507,cross_validator,features/lstm_sequence_input.py,229,0,pattern_kind_miss,"    window: list[Mapping[str, Any]],",list,chains.callExpDateMap.*.optionDeliverablesList;chains.callExpDateMap.*.optionDeliverablesList.*;chains.callExpDateMap.*.optionDeliverablesList.*.assetType;chains.callExpDateMap.*.optionDeliverablesList.*.currencyType;chains.callExpDateMap.*.optionDeliverablesList.*.deliverableUnits;chains.callExpDateMap.*.optionDeliverablesList.*.symbol;chains.putExpDateMap.*.optionDeliverablesList;chains.putExpDateMap.*.optionDeliverablesList.*;chains.putExpDateMap.*.optionDeliverablesList.*.assetType;chains.putExpDateMap.*.optionDeliverablesList.*.currencyType;chains.putExpDateMap.*.optionDeliverablesList.*.deliverableUnits;chains.putExpDateMap.*.optionDeliverablesList.*.symbol,chains.putExpDateMap.*.theoreticalVolatility;chains.callExpDateMap.*.theoreticalVolatility;chains.callExpDateMap.*.optionDeliverablesList,V3 G2 cross-validator (CSV vocabulary),NOT_MARKET_DATA,,,NOT_MARKET_DATA: scoped mechanical classifier tail; production wire reads tracked in governance/SCHWAB_V4_REVIEW_MEMOS cone walk
7ee3cca68cf17df1a403,cross_validator,features/lstm_sequence_input.py,232,0,pattern_kind_miss,) -> list[dict]:,list,chains.callExpDateMap.*.optionDeliverablesList;chains.callExpDateMap.*.optionDeliverablesList.*;chains.callExpDateMap.*.optionDeliverablesList.*.assetType;chains.callExpDateMap.*.optionDeliverablesList.*.currencyType;chains.callExpDateMap.*.optionDeliverablesList.*.deliverableUnits;chains.callExpDateMap.*.optionDeliverablesList.*.symbol;chains.putExpDateMap.*.optionDeliverablesList;chains.putExpDateMap.*.optionDeliverablesList.*;chains.putExpDateMap.*.optionDeliverablesList.*.assetType;chains.putExpDateMap.*.optionDeliverablesList.*.currencyType;chains.putExpDateMap.*.optionDeliverablesList.*.deliverableUnits;chains.putExpDateMap.*.optionDeliverablesList.*.symbol,chains.volatility;chains.putExpDateMap.*.theoreticalVolatility;chains.callExpDateMap.*.theoreticalVolatility,V3 G2 cross-validator (CSV vocabulary),NOT_MARKET_DATA,,,NOT_MARKET_DATA: scoped mechanical classifier tail; production wire reads tracked in governance/SCHWAB_V4_REVIEW_MEMOS cone walk
c38fca423320e685d123,cross_validator,features/lstm_sequence_input.py,234,0,pattern_kind_miss,    Build merged DB-shaped rows for `encode_snapshot_5m` (Transformer sequence).,sequence,streaming.content.*.ASKS.*.ASKS.*.SEQUENCE;streaming.content.*.BIDS.*.BIDS.*.SEQUENCE;streaming.content.*.SEQUENCE,quotes.quote.askSize;quotes.extended.askSize;chains.putExpDateMap.*.rho,V3 G2 cross-validator (CSV vocabulary),NOT_MARKET_DATA,,,NOT_MARKET_DATA: scoped mechanical classifier tail; production wire reads tracked in governance/SCHWAB_V4_REVIEW_MEMOS cone walk
f17c67d728708597b7d1,cross_validator,features/lstm_sequence_input.py,236,0,pattern_kind_miss,    Uses the same per-bar MVP merge as `build_lstm_merged_windows` for the structure stream.,the per bar,chains.callExpDateMap.*.inTheMoney;chains.putExpDateMap.*.inTheMoney;instruments.*.fundamental.bookValuePerShare,chains.putExpDateMap.*.theta;quotes.quote.askSize;chains.putExpDateMap.*.rho,V3 G2 cross-validator (CSV vocabulary),NOT_MARKET_DATA,,,NOT_MARKET_DATA: scoped mechanical classifier tail; production wire reads tracked in governance/SCHWAB_V4_REVIEW_MEMOS cone walk
c9a2dbc04f73851557f6,cross_validator,features/lstm_sequence_input.py,237,0,pattern_kind_miss,    `day_snaps` is set to `list(window)` so live-bar override by `ts_utc` matches the last bar,list bar the last,chains.callExpDateMap.*.optionDeliverablesList;chains.callExpDateMap.*.optionDeliverablesList.*;chains.callExpDateMap.*.optionDeliverablesList.*.assetType;chains.callExpDateMap.*.optionDeliverablesList.*.currencyType;chains.callExpDateMap.*.optionDeliverablesList.*.deliverableUnits;chains.callExpDateMap.*.optionDeliverablesList.*.symbol;chains.putExpDateMap.*.optionDeliverablesList;chains.putExpDateMap.*.optionDeliverablesList.*;chains.putExpDateMap.*.optionDeliverablesList.*.assetType;chains.putExpDateMap.*.optionDeliverablesList.*.currencyType;chains.putExpDateMap.*.optionDeliverablesList.*.deliverableUnits;chains.putExpDateMap.*.optionDeliverablesList.*.symbol;chains.callExpDateMap.*.inTheMoney;chains.putExpDateMap.*.inTheMoney;chains.callExpDateMap.*.last;chains.callExpDateMap.*.lastSize;chains.callExpDateMap.*.lastTradingDay;chains.putExpDateMap.*.last;chains.putExpDateMap.*.lastSize;chains.putExpDateMap.*.lastTradingDay;chains.underlying.last;movers.screeners.*.lastPrice;quotes.extended.lastPrice;quotes.extended.lastSize;quotes.fundamental.lastEarningsDate,quotes.quote.askSize;quotes.quote.bidSize;chains.putExpDateMap.*.askSize,V3 G2 cross-validator (CSV vocabulary),NOT_MARKET_DATA,,,NOT_MARKET_DATA: scoped mechanical classifier tail; production wire reads tracked in governance/SCHWAB_V4_REVIEW_MEMOS cone walk
7b7c8cdbcaa0cab2aa86,cross_validator,features/lstm_sequence_input.py,238,0,pattern_kind_miss,    of the encoder window only.,the only,chains.callExpDateMap.*.inTheMoney;chains.putExpDateMap.*.inTheMoney,pricehistory.candles.*.volume;streaming.content.*.VOLUME;chains.underlying.totalVolume,V3 G2 cross-validator (CSV vocabulary),NOT_MARKET_DATA,,,NOT_MARKET_DATA: scoped mechanical classifier tail; production wire reads tracked in governance/SCHWAB_V4_REVIEW_MEMOS cone walk
